source,split,name,trim_db,target,lufs,tp,target_error,ceiling_pass,crest,crest400,lra,shortterm_spread,section_contrast,section_delta_from_control,attack_body,tone_max_delta,side_mid,side_mid_delta,correlation,limiter_max_gr,limiter_mean_gr,limiter_active_pct,sat_rms_gain,sat_peak_reduction,pre_landing_lufs,sha256,comp_low_max_gr,comp_low_mean_gr,comp_mid_max_gr,comp_mid_mean_gr,comp_high_max_gr,comp_high_mean_gr
coat,development,adapt0_t14,0,-14,-14.0,-8.0,0.0,True,8.553667597883269,8.15628398122168,2.6,2.5999999999999996,4.283933068918783,-0.6439860972268594,7.582608607607728,0.26187760881960287,-7.3098918953790495,-0.05659511931933636,0.686800682831102,2.5967440605163574,0.6080424915878959,77.0590085864674,2.1070187501318864,3.464010398560637,-6.94932861239152,013182b307f9e7b0abd6ddca9991650cae635575748c1d7186d04ed072ef34e3,3.0509085655212402,0.3386564556760083,1.6311249732971191,0.35510698086989506,0.35206732153892517,0.0019462296110674552
coat,development,adapt0_t9,0,-9,-9.0,-3.0,0.0,True,8.553667789538878,8.156285066703958,2.6,2.6000000000000005,4.283933064086369,-0.6439861019496718,7.582608139815106,0.2618776079841929,-7.3098918936833135,-0.056595117436148534,0.6868006827286731,2.5967440605163574,0.6080424915878959,77.0590085864674,2.1070187501318864,3.464010398560637,-6.94932861239152,04da3c3ed50db2bbf13c149d673ade1e993979e946d5fcb12ed08f4c63880a35,3.0509085655212402,0.3386564556760083,1.6311249732971191,0.35510698086989506,0.35206732153892517,0.0019462296110674552
coat,development,adapt100_t14,0,-14,-14.0,-7.3,0.0,True,9.283322403817655,8.970455434346107,3.4,3.299999999999999,5.197858176214911,0.2699390100692689,8.200984336801348,0.08634691519310778,-7.250637867335163,0.002658908724550102,0.683191007600823,2.339501142501831,0.30890028957700105,57.12340593294884,2.2832691914785737,2.4089866082983113,-7.732691234099746,23a05848f5ec0b596a2fa2bd61e1a6decabb3109c9eca881763bf9707edf3174,0.3073728680610657,0.001054038325778276,0.006613599602133036,3.825327424805492e-06,0.0,0.0
coat,development,adapt100_t9,0,-9,-9.0,-2.3,0.0,True,9.283323783394083,8.970456144401172,3.4,3.299999999999999,5.197858173681128,0.26993900764508716,8.200984489100945,0.08634691426883023,-7.250637865369551,0.0026589108776136072,0.6831910074811353,2.339501142501831,0.30890028957700105,57.12340593294884,2.2832691914785737,2.4089866082983113,-7.732691234099746,409a85e624ec6697a61a3ba9c58f5d779e6da0afac181451eb395ca1710a1567,0.3073728680610657,0.001054038325778276,0.006613599602133036,3.825327424805492e-06,0.0,0.0
coat,development,adapt_drive_t14,-12.0,-14,-14.0,-1.2,0.0,True,15.235228634270381,11.828612851815883,4.1,4.199999999999999,6.400511032434441,1.4725918662887985,10.260493227913722,0.4500228493464853,-7.216470002820778,0.036826773238934685,0.6811240204875598,0.0,0.0,0.0,2.886692386911751,-2.40418590661242,-18.723231798251312,edadd5d23a204e4c4859a41e2d4a3ae5a30eb569daa1d6d10511e3db9b449e1d,0.0,0.0,0.0,0.0,0.0,0.0
coat,development,adapt_drive_t9,-1.5,-9,-9.0,-1.3,0.0,True,10.305105824012486,9.865980357023233,3.8,3.759999999999999,5.765246183938707,0.8373270179026662,8.957748996959122,0.26489803217125996,-7.246759383123078,0.006537393124086854,0.6829620917379111,1.9440898895263672,0.09146434397481812,23.31383474821624,2.4560828828185786,1.3045605656009736,-8.7824579291702,bc5a236075fdd150af3d6fefc6bee82ef514934d0959d2864240d04bef04fc64,0.14849993586540222,0.0003499138826912991,0.0,0.0,0.0,0.0
coat,development,comp_off_t14,0,-14,-14.0,-7.1,0.0,True,9.416515298849124,9.103370567521766,3.6,3.5999999999999996,5.545606269297066,0.6176871031514235,8.421236845145073,0.19160068229542304,-7.252302970205281,0.000993805854432317,0.683295201327442,1.8086323738098145,0.16920939099371035,41.18717204561388,2.332152121562777,0.9777022734850703,-7.873549115450952,2c62683b816784ec86476535d7e5851b12f31d5b77fc9fc5fff9e89c9fae28d2,0.0,0.0,0.0,0.0,0.0,0.0
coat,development,comp_off_t9,0,-9,-9.0,-2.1,0.0,True,9.416515681825466,9.10337168360125,3.6,3.6000000000000005,5.545606272400054,0.6176871063640128,8.421235832003328,0.19160067671776915,-7.252302969947787,0.0009938062993777308,0.6832952013136855,1.8086323738098145,0.16920939099371035,41.18717204561388,2.332152121562777,0.9777022734850703,-7.873549115450952,d33c8cae3238161a8d7f812884c2137d980189485b3618def8af93a8baab6ea5,0.0,0.0,0.0,0.0,0.0,0.0
coat,development,continuous_drive_t14,-4.5,-14,-14.0,-1.6,0.0,True,14.941577218224737,11.985937620266252,4.1,4.199999999999999,6.4343197533415015,1.5064005871958592,10.372300472963577,0.4575330391738355,-7.216023591698973,0.0372731843607399,0.6811000465429317,0.8245987892150879,0.0010091984635358514,0.1295012149489297,-0.0047490762591769495,0.05566482984487863,-13.510067638591705,9cd92006ca1626cb2f976e700a2737808c9d48f0c4d6d82dcb6de5840ccacd79,0.2932662069797516,0.0007821463177081654,0.0,0.0,0.0,0.0
coat,development,continuous_drive_t9,1.5,-9,-9.0,-1.2,0.0,True,10.404211033173091,10.042389767156108,2.6,2.7,4.4291034629493105,-0.4988157030867306,9.548014843657855,0.13357795439941,-7.206380918378472,0.04691585786869279,0.6804997551485559,6.602513790130615,0.9683464009225384,77.11942456102221,-0.018171242967052623,0.21565528387643865,-8.830965541022646,e1ebbfb993431ea2f49e3aa382f144aee0c47b172ae23adf2592cc3976ed898a,1.6071934700012207,0.05589032571194819,0.6290815472602844,0.05366556183434276,0.025905519723892212,1.2788113192104444e-05
coat,development,continuous_t14,0,-14,-14.0,-5.5,0.0,True,11.123487883311197,10.698748132094053,3.4,3.4000000000000004,5.371963650887569,0.4440444847419265,10.02127520605931,0.15210674797720358,-7.216154504016088,0.03714227204362519,0.6811080963329958,5.21942663192749,0.398468079402185,54.114197132800264,-0.01313845013900522,0.155441191402507,-9.585546628224156,362b418a809d62a71352547eda50d3e46b4963b9a1a90b68b312dab3ad7df0ff,1.2567870616912842,0.018276064532273546,0.34091973304748535,0.013738777689856544,0.0,0.0
coat,development,continuous_t9,0,-9,-9.5,-1.0,0.5,True,11.123487300301907,10.698747568196811,3.4,3.4000000000000004,5.371963656930223,0.4440444908941821,10.021274480835146,0.1521067466761039,-7.216154502479043,0.03714227376812218,0.6811080962396916,5.21942663192749,0.398468079402185,54.114197132800264,-0.01313845013900522,0.155441191402507,-9.585546628224156,7e53a8522b1dc0efe0127a69526918b657866a0a5de80206a181ac94ed328897,1.2567870616912842,0.018276064532273546,0.34091973304748535,0.013738777689856544,0.0,0.0
coat,development,control_t14,0,-14,-14.0,-7.6,0.0,True,8.949875118060563,8.621552428561616,3.1,3.0999999999999996,4.927919166145642,0.0,7.8615078923161965,0.0,-7.253296776059713,0.0,0.6833501777136441,2.4580039978027344,0.43153981484109966,67.26802319506118,2.2076525648571264,2.892228380458715,-7.374590607477136,750e6f184d574e5ce54b2735bbb997a8c0ae20200e31bcb8f423278359e8228d,1.2567870616912842,0.018276064532273546,0.34091973304748535,0.013738777689856544,0.0,0.0
coat,development,control_t9,0,-9,-9.0,-2.6,0.0,True,8.949874876481601,8.621552296821427,3.1,3.0999999999999996,4.927919166036041,0.0,7.861506762923337,0.0,-7.253296776247165,0.0,0.6833501777260184,2.4580039978027344,0.43153981484109966,67.26802319506118,2.2076525648571264,2.892228380458715,-7.374590607477136,639ac1dd5d049040d8b689636c08bf2890b39929b72601703d1b93938f6022ce,1.2567870616912842,0.018276064532273546,0.34091973304748535,0.013738777689856544,0.0,0.0
coat,development,density25_t14,0,-14,-14.0,-7.2,0.0,True,9.341436604617398,9.016211252510711,3.4,3.4000000000000004,5.2399685055840255,0.3120493394383832,8.272016366147763,0.10027080849757297,-7.249907977141195,0.0033887989185181766,0.683146890990473,2.3173446655273438,0.28962160643775997,55.22553210980168,2.296124688104651,2.3295447436997203,-7.797024012219021,fda7ef06b0bd2dcc8997796e99f38069e1861346dc6014a37b27287d268283ae,0.18968957662582397,0.0005413802062185137,0.0,0.0,0.0,0.0
coat,development,density25_t9,0,-9,-9.0,-2.2,0.0,True,9.341436276868933,9.016212636929115,3.4,3.4000000000000004,5.239968513086163,0.312049347050122,8.272016313688697,0.10027080332526772,-7.249907974973736,0.0033888012734291095,0.6831468908616135,2.3173446655273438,0.28962160643775997,55.22553210980168,2.296124688104651,2.3295447436997203,-7.797024012219021,dbdadd8538b12e24cd988d9c8dd4cb41cbb15283a31cef98de6932a595fedc71,0.18968957662582397,0.0005413802062185137,0.0,0.0,0.0,0.0
coat,development,density75_t14,0,-14,-14.0,-7.9,0.0,True,8.66031561129864,8.27424685817315,2.7,2.700000000000001,4.298024466728473,-0.6298946994171697,7.70534453010227,0.37358138070216285,-7.24262241124527,0.010674364814443393,0.6826881117989049,2.5849251747131348,0.5827437592467898,76.25703195676827,2.1361005018241768,3.376678165316191,-6.990857951021756,8ce6e0fb2fb4e20515d3ce979a4f6ae1edac814aa5515302e3cd8e845564c09a,2.9723377227783203,0.296560092139226,1.654556155204773,0.35077064442795025,0.36543115973472595,0.002084533228675613
coat,development,density75_t9,0,-9,-9.0,-2.9,0.0,True,8.660316193688208,8.274246592075489,2.7,2.7,4.2980244693517555,-0.6298946966842855,7.705344514456385,0.373581378887069,-7.242622411015604,0.01067436523156129,0.6826881117864385,2.5849251747131348,0.5827437592467898,76.25703195676827,2.1361005018241768,3.376678165316191,-6.990857951021756,8de8f415c60e01c6c6fa2f370187844e2a1aa04ed0c0caede42bf6b5d7061d19,2.9723377227783203,0.296560092139226,1.654556155204773,0.35077064442795025,0.36543115973472595,0.002084533228675613
coat,development,drive_t14,-12.0,-14,-14.0,-1.3,0.0,True,15.168510129402158,11.79328168924053,4.1,4.199999999999999,6.394721012166444,1.466801846020802,10.24204209399621,0.4483185928553297,-7.217206195953931,0.03609058010578181,0.6811689956991167,0.0,0.0,0.0,2.879783682432096,-2.328613468830573,-18.123105380882986,0c005c994d8a7c46d03f94c23692a0d7a53b7da5a1c73959644690d06b1ea8d0,0.0,0.0,0.0,0.0,0.0,0.0
coat,development,drive_t9,-1.5,-9,-9.0,-1.7,0.0,True,9.865621538950544,9.526800262136375,3.6,3.6000000000000005,5.54803536042979,0.6201161943937485,8.7869381631144,0.19515922627264892,-7.253373603256868,-7.682700970335077e-05,0.6833661384697333,2.122227668762207,0.159077641692179,37.058747117700904,2.394997031440372,1.7334364576850154,-8.333581681835097,c3dbc01578bd91c2543ae4b9429da78a7a840d9388c42a160a3fd394bcfdea23,0.9066061973571777,0.005540497351287358,0.1403420865535736,0.0017966532438009914,0.0,0.0
coat,development,sat_half_t14,0,-14,-14.0,-7.4,0.0,True,9.141087164884931,8.814794277449952,3.2,3.1599999999999984,4.976250605044129,0.04833143889848657,8.066215627494962,0.017059502995852682,-7.251602133489032,0.0016946425706807489,0.6832505764186455,2.6230130195617676,0.42517749879281364,65.72362361960485,1.9993486116483834,2.727219605809608,-7.5795667068656964,cbe6f856aeab7579a360b2341bfec713bd852f123820d91c8764e05254ad765b,1.2567870616912842,0.018276064532273546,0.34091973304748535,0.013738777689856544,0.0,0.0
coat,development,sat_half_t9,0,-9,-9.0,-2.4,0.0,True,9.141088792461655,8.814794056485166,3.2,3.1599999999999984,4.976250613106064,0.048331447070022904,8.066215838808917,0.017059500977641306,-7.251602133021406,0.0016946432257585187,0.6832505763928777,2.6230130195617676,0.42517749879281364,65.72362361960485,1.9993486116483834,2.727219605809608,-7.5795667068656964,3610aded27e59151c30e8fc6933118baeb9ebd978bc35ad4657555e15a09d497,1.2567870616912842,0.018276064532273546,0.34091973304748535,0.013738777689856544,0.0,0.0
coat,development,sat_off_t14,0,-14,-14.0,-5.4,0.0,True,11.137096608089543,10.724503438276813,3.4,3.4000000000000004,5.34358507822718,0.415665912081538,10.034064766066528,0.14334119395295275,-7.214726394499184,0.038570381560528944,0.6810207477560158,5.375471115112305,0.4176114199901521,55.24674631326721,0.0,0.0,-9.597089249528315,3e4da32297a686d8866811a09711ee94858e1372e8ce022df7fc3d2e02fe1efc,1.2567870616912842,0.018276064532273546,0.34091973304748535,0.013738777689856544,0.0,0.0
coat,development,sat_off_t9,0,-9,-9.6,-1.0,0.5999999999999996,True,11.137095090530657,10.724503879471646,3.4,3.4000000000000004,5.343585076801016,0.41566591076497517,10.034063829849739,0.1433411898946435,-7.214726392061155,0.03857038418601011,0.6810207476060482,5.375471115112305,0.4176114199901521,55.24674631326721,0.0,0.0,-9.597089249528315,0779a596c02acc0ef077147950e3b539634fc4218911a2ccb8171307cb78249b,1.2567870616912842,0.018276064532273546,0.34091973304748535,0.013738777689856544,0.0,0.0
piano,development,adapt0_t14,0,-14,-14.0,-4.0,0.0,True,12.422987448968517,10.267310336931729,10.2,10.3,11.397895590288787,-0.06570313296339769,7.500318035207905,0.1486338496944093,-1.730899367382496,0.29497936449340134,0.19940227517904782,2.084609270095825,0.028712354685356545,5.787088234632241,2.4558001635307827,1.6171960667260212,-11.123993225346892,73bd03b05b3f0d3ad6c6ee47050425df13af7ddf60ca9555cc82cadcbbc2c68d,0.03524867072701454,3.4187880163311005e-05,3.0083441734313965,0.2534223776047759,0.0,0.0
piano,development,adapt0_t9,0,-9,-11.0,-1.0,2.0,True,12.422986900869123,10.270503104929487,10.2,10.299999999999999,11.397895598442128,-0.06570313628738411,7.500318560697407,0.14863387907467285,-1.7308993678820892,0.2949793644139551,0.19940227523159607,2.084609270095825,0.028712354685356545,5.787088234632241,2.4558001635307827,1.6171960667260212,-11.123993225346892,8ddde70814d34a50024de2fe4e80f36c3371ed038dc95f5ca1986dd530f9381f,0.03524867072701454,3.4187880163311005e-05,3.0083441734313965,0.2534223776047759,0.0,0.0
piano,development,adapt100_t14,0,-14,-14.0,-3.7,0.0,True,12.751634057582265,10.31433308816657,10.3,10.3,11.520128537102854,0.0565298138506698,7.645830288509332,0.13992016871620194,-2.296669013627078,-0.2707902817511809,0.2619420074768871,1.9883276224136353,0.020735990874207813,4.288335831102465,2.4919794998505704,1.3834375102173069,-11.445990949859747,669a4106d1531f9417071a657c5fa551d2651e7decddafb5de259c8571567e1e,0.01648794673383236,1.0229676426536857e-05,2.9697377681732178,0.24156417603704383,0.0,0.0
piano,development,adapt100_t9,0,-9,-11.4,-1.0,2.4000000000000004,True,12.751634207459187,10.31569446716462,10.3,10.299999999999999,11.520128530895963,0.05652979616645126,7.6458295228084445,0.1399201264069596,-2.2966690158699015,-0.27079028357385715,0.2619420077149506,1.9883276224136353,0.020735990874207813,4.288335831102465,2.4919794998505704,1.3834375102173069,-11.445990949859747,b925d59cac7013f947115856d7eff942345b81362b933120ade7775940574165,0.01648794673383236,1.0229676426536857e-05,2.9697377681732178,0.24156417603704383,0.0,0.0
piano,development,adapt_drive_t14,-3.0,-14,-14.0,-1.3,0.0,True,15.13979789631504,10.679065746065975,11.3,11.4,12.637633448844253,1.174034725592069,8.718026882896798,0.7472672798680478,-2.2563761962488984,-0.23049746437300112,0.2575626101753968,1.1040397882461548,0.002955433377156223,0.6871498131844477,2.661469330430383,-0.010146654428013453,-13.797953405505206,707433810374b14e50a5aa3b6b99d8230e92b0d55f74ef2326ca625e9aa80471,0.0,0.0,2.03871750831604,0.0639074776183221,0.0,0.0
piano,development,adapt_drive_t9,4.5,-9,-9.0,-1.4,0.0,True,9.889558840901332,9.419532842968017,7.9,8.100000000000001,9.160152030720214,-2.303446704009298,6.233770894493699,1.3599413615720515,-2.3684816657609935,-0.3426029334649492,0.2696530799920198,2.661129951477051,0.1754647239442589,24.718287784374596,2.0911421172169047,4.052005483583229,-8.653853023036094,99f56b78b517144207469607fb161c05c27f20caa592fd32e83d9c5d635c95d4,0.7261245250701904,0.00519268856172098,4.366303443908691,0.8506158853938874,0.0,0.0
piano,development,comp_off_t14,0,-14,-14.0,-2.6,0.0,True,13.855681523088474,10.564484366675075,11.5,11.5,12.773268728586505,1.3096700053343202,7.857095342193473,0.6032802749985784,-1.9667166699673608,0.059162061908536456,0.2256494987539062,1.9631057977676392,0.014302450385442806,2.7237768906081685,2.5347386918061865,1.331602308858686,-12.5052302890958,d48bfd8b3a12c755d8b27390a7073912eb90c473a2577c1fca8ebff6eef342a8,0.0,0.0,0.0,0.0,0.0,0.0
piano,development,comp_off_t9,0,-9,-12.4,-1.0,3.4000000000000004,True,13.85568172195525,10.565850481669477,11.5,11.499999999999998,12.773268734934321,1.3096700002048092,7.857095464037631,0.6032801974524489,-1.9667166690082893,0.059162063287754973,0.2256494986501211,1.9631057977676392,0.014302450385442806,2.7237768906081685,2.5347386918061865,1.331602308858686,-12.5052302890958,263cf4dfb30a3e202285c9372ec24841d013785085ba6d25208b568b4e81109d,0.0,0.0,0.0,0.0,0.0,0.0
piano,development,continuous_drive_t14,0.0,-14,-14.0,-1.4,0.0,True,15.07666681082239,11.137731689752798,10.9,10.899999999999999,12.096351452574085,0.6327527293219006,9.463408919742191,0.41678372995738755,-2.0212872469736993,0.004591484902197962,0.23203840891621455,3.4288690090179443,0.018537894271071897,2.7257999585839343,-0.008232926425479091,0.10249667856833082,-13.751221172956154,93d0ff2cbfb14f29498bbb500f17f31d9ba8e962f515fcb29630635e74bf8b81,0.02476670779287815,1.9625878942128406e-05,2.9885306358337402,0.247279779419978,0.0,0.0
piano,development,continuous_drive_t9,6.0,-9,-9.9,-1.0,0.9000000000000004,True,11.213289208179383,10.368750786633854,7.5,7.6,8.726646014036824,-2.7369527206926882,7.9783990667760705,1.4957273173760939,-2.130419850952163,-0.10454111865611848,0.244507628970261,7.708592891693115,0.3852843110037159,30.291874154260977,-0.02240302380855623,0.282112556090553,-9.981767017544373,d439421ef33b084f5b0b1b678058106655e61bb69483e731e0f316f5b2aee249,1.2346094846725464,0.015606413794356377,4.850597858428955,1.1612825816439694,0.0,0.0
piano,development,continuous_t14,0,-14,-14.0,-1.4,0.0,True,15.07666681082239,11.137731689752798,10.9,10.899999999999999,12.096351452574085,0.6327527293219006,9.463408919742191,0.41678372995738755,-2.0212872469736993,0.004591484902197962,0.23203840891621455,3.4288690090179443,0.018537894271071897,2.7257999585839343,-0.008232926425479091,0.10249667856833082,-13.751221172956154,93d0ff2cbfb14f29498bbb500f17f31d9ba8e962f515fcb29630635e74bf8b81,0.02476670779287815,1.9625878942128406e-05,2.9885306358337402,0.247279779419978,0.0,0.0
piano,development,continuous_t9,0,-9,-13.7,-1.0,4.699999999999999,True,15.0766677218022,11.1377326015733,10.9,10.899999999999999,12.096351454677377,0.6327527199478649,9.4634088554599,0.41678371574498385,-2.0212872475138766,0.004591484782167754,0.23203840897758424,3.4288690090179443,0.018537894271071897,2.7257999585839343,-0.008232926425479091,0.10249667856833082,-13.751221172956154,421b8b8a3724805979cb54d03bc1374370e3826fc95cc8c6569da675fe936c35,0.02476670779287815,1.9625878942128406e-05,2.9885306358337402,0.247279779419978,0.0,0.0
piano,development,control_t14,0,-14,-14.0,-3.8,0.0,True,12.594298584858475,10.291012829763208,10.3,10.3,11.463598723252185,0.0,7.565325762505966,0.0,-2.0258787318758973,0.0,0.2322467762055051,2.0356979370117188,0.02425492130128857,4.936967793894381,2.475087754871545,1.4952711314470226,-11.291962720646703,504571a592c71033972bcf774370aad0bd9d12524f9dd9010ef267dbb8da0cdb,0.02476670779287815,1.9625878942128406e-05,2.9885306358337402,0.247279779419978,0.0,0.0
piano,development,control_t9,0,-9,-11.2,-1.0,2.1999999999999993,True,12.594297628118072,10.29141071823798,10.3,10.400000000000002,11.463598734729512,0.0,7.565326031887098,0.0,-2.0258787322960443,0.0,0.23224677625025783,2.0356979370117188,0.02425492130128857,4.936967793894381,2.475087754871545,1.4952711314470226,-11.291962720646703,fbd4c0497c60883346cc57b235b0499b3b5bb45b04d306f8077441649792ab5c,0.02476670779287815,1.9625878942128406e-05,2.9885306358337402,0.247279779419978,0.0,0.0
piano,development,density25_t14,0,-14,-14.0,-3.1,0.0,True,13.37050344621043,10.464447923116278,11.4,11.399999999999999,12.567090353337903,1.1034916300857187,7.736172032800224,0.5295782871494801,-1.9729459273763954,0.052932804499501884,0.2263220728132686,2.1394777297973633,0.019984747816277106,3.625644682434019,2.4947919361127915,1.7572969618130065,-12.025033813703951,3d786418a6ea334c1b83358fe0929417fc152eaf84fc9caf7dbaa4ebd2e19577,0.0,0.0,0.6207628846168518,0.004473465315390738,0.0,0.0
piano,development,density25_t9,0,-9,-11.9,-1.0,2.9000000000000004,True,13.370502532861444,10.465940415148095,11.4,11.399999999999999,12.567090346247696,1.1034916115181836,7.736171633164357,0.529578145188129,-1.9729459290720222,0.05293280322402216,0.22632207298458662,2.1394777297973633,0.019984747816277106,3.625644682434019,2.4947919361127915,1.7572969618130065,-12.025033813703951,852c094087ed07c03be8a18494ce93366b4527a2c6509c6389077b6680502d67,0.0,0.0,0.6207628846168518,0.004473465315390738,0.0,0.0
piano,development,density75_t14,0,-14,-14.0,-4.2,0.0,True,12.177651775666577,10.19039135961477,9.4,9.5,10.6171503977467,-0.8464483255054844,7.643060903467893,0.4899607658195997,-2.078935567651243,-0.05305683577534559,0.2381482565970566,2.0550272464752197,0.027245637931808574,5.816888707848299,2.465285985696131,1.5424583263639073,-10.90718585248726,7b9b2f737a374abb20ff725c57897506ac4ece2c7240623eb09c31ea210819f8,0.21080391108989716,0.0005153013314487389,4.582821369171143,0.5364043449109667,0.0,0.0
piano,development,density75_t9,0,-9,-10.8,-1.0,1.8000000000000007,True,12.177652047315256,10.194988119045629,9.4,9.6,10.617150397825382,-0.84644833690413,7.64306073688668,0.4899607579942593,-2.0789355683853934,-0.05305683608934908,0.23814825667720715,2.0550272464752197,0.027245637931808574,5.816888707848299,2.465285985696131,1.5424583263639073,-10.90718585248726,0fd67cbcb3b195d8bcdc3bc50be727358639531e29174ae812c884076f43b399,0.21080391108989716,0.0005153013314487389,4.582821369171143,0.5364043449109667,0.0,0.0
piano,development,drive_t14,-3.0,-14,-14.0,-1.5,0.0,True,14.96463238185865,10.674683143237715,11.4,11.4,12.606242953470073,1.142644230217888,8.628866236827733,0.6209052090135714,-1.9837199578938183,0.04215877398207901,0.22758883544258549,1.1790080070495605,0.0035365610579899008,0.8108183673659587,2.6503587737869343,0.07741359775402783,-13.621446027586025,160253867fd4ebea3e5eb8ccc189fc2914c83e36a44dddb77556872f680f1c45,0.0,0.0,2.057497262954712,0.06617712914798198,0.0,0.0
piano,development,drive_t9,4.5,-9,-9.0,-1.6,0.0,True,9.766092715882362,9.350590744020373,7.8,8.0,9.073268704925319,-2.3903300298041934,6.150004739306912,1.5133630353796974,-2.1012979452266585,-0.07541921293061415,0.24047956015375185,2.6784162521362305,0.1908106496096661,26.175862798712238,2.0619009469819334,4.19656188925427,-8.533141218406566,45ab3f092ee14913434a31df21bd3fc8378e86ae49d712872f754940212f85f7,0.776296854019165,0.005856083692409176,4.385085582733154,0.8627139861069334,0.0,0.0
piano,development,sat_half_t14,0,-14,-14.0,-3.6,0.0,True,12.829112971636071,10.376897349270696,10.4,10.399999999999999,11.534734300367244,0.07113557711505969,7.747337593185483,0.07914016841213112,-2.0257951143301653,8.361754573193991e-05,0.23226787315584696,2.1337697505950928,0.023102495748914757,4.61678887285336,2.238470855096687,1.3972143132940693,-11.524301184404573,dbafe7928c2b933e3ad8f7b867d0dcb20e7eb7aac2e2e124f0e9da5917267bef,0.02476670779287815,1.9625878942128406e-05,2.9885306358337402,0.247279779419978,0.0,0.0
piano,development,sat_half_t9,0,-9,-11.4,-1.0,2.4000000000000004,True,12.82911222242272,10.381731114462667,10.4,10.4,11.534734295606595,0.07113556087708339,7.747337801843591,0.07914005754706821,-2.025795114033068,8.361826297642594e-05,0.23226787311925567,2.1337697505950928,0.023102495748914757,4.61678887285336,2.238470855096687,1.3972143132940693,-11.524301184404573,8c3eaa2e309788f4887808dc7b6cd5186d806e7a126077a458ddb9a0fcbeacb5,0.02476670779287815,1.9625878942128406e-05,2.9885306358337402,0.247279779419978,0.0,0.0
piano,development,sat_off_t14,0,-14,-14.0,-1.4,0.0,True,15.07270581635457,11.155868103460943,10.9,10.899999999999999,12.094317760340399,0.6307190370882143,9.482141344002244,0.4145267138234985,-2.0213012669733588,0.0045774649025385195,0.23204882680011174,3.5314676761627197,0.019506983633250426,2.8395577527942772,0.0,0.0,-13.747252035382,3d231760e60f322b583a257ff3173cc131da87647a3eb36159653ef7504551b2,0.02476670779287815,1.9625878942128406e-05,2.9885306358337402,0.247279779419978,0.0,0.0
piano,development,sat_off_t9,0,-9,-13.7,-1.0,4.699999999999999,True,15.072706057235186,11.155869169959661,10.9,10.999999999999998,12.094317757564536,0.6307190228350237,9.482141459174592,0.41452664201454326,-2.0213012702582627,0.004577462037781643,0.23204882715607064,3.5314676761627197,0.019506983633250426,2.8395577527942772,0.0,0.0,-13.747252035382,be2999508e928bb85c441d61e3421a4d4a0b45f1d85ea6be6cf772957c46bc05,0.02476670779287815,1.9625878942128406e-05,2.9885306358337402,0.247279779419978,0.0,0.0
aphelion,holdout,adapt0_t14,0,-14,-14.0,-6.1,0.0,True,9.323579434124767,8.533837862035533,8.5,8.639999999999999,17.089572162158923,-0.21231056157165185,7.9924322504061704,0.23284181918137214,1.2186882074213339,0.4224071250280236,-0.14249490077014498,2.503925323486328,0.3625950308770229,49.335249842425554,2.0225888598811546,3.071082626641222,-8.990819108754078,a036b0cf3debcbb46bbbbeeb7cc6c9eb1000e63c535379cce18aef71840a42e0,3.221057176589966,0.538585131930832,2.218122720718384,0.3285953036749772,0.0,0.0
aphelion,holdout,adapt0_t9,0,-9,-9.0,-1.1,0.0,True,9.323580398673265,8.53961205274487,8.5,8.7,17.089572183303503,-0.2123105517257713,7.992432065421696,0.23284183308202167,1.2186882074003595,0.42240712568748784,-0.14249490079113206,2.503925323486328,0.3625950308770229,49.335249842425554,2.0225888598811546,3.071082626641222,-8.990819108754078,50dedc28ab235bfec6902419a3b18451b2684d0e6f575fa5d05c2e7a906a08b1,3.221057176589966,0.538585131930832,2.218122720718384,0.3285953036749772,0.0,0.0
aphelion,holdout,adapt100_t14,0,-14,-14.0,-5.8,0.0,True,9.682871694387943,8.87710362076026,8.9,9.0,17.320920513940507,0.019037790209932126,8.313598911969944,0.023447402355529334,0.6130357248242689,-0.18324535756904137,-0.07206695941660066,2.3740646839141846,0.2856029716704419,43.72298968329752,2.1122314027721742,2.506961349435675,-9.309313758703384,c7d6bf7aacaa1b3af3392f29d6f78ba2fe296aa291c6bef1ff67e27023871a74,3.091524124145508,0.47867013664427754,2.202575922012329,0.3142692663122004,0.0,0.0
aphelion,holdout,adapt100_t9,0,-9,-9.2,-1.0,0.1999999999999993,True,9.682871132851144,8.886441177597806,8.9,9.069999999999999,17.32092052573568,0.0190377907064061,8.313599003044498,0.02344740234869036,0.6130357240341269,-0.18324535767874484,-0.07206695933401171,2.3740646839141846,0.2856029716704419,43.72298968329752,2.1122314027721742,2.506961349435675,-9.309313758703384,9e195002ae1a24d2db5e22586fa65b47f8a7d7a012bf358eb59b03aa89e591ff,3.091524124145508,0.47867013664427754,2.202575922012329,0.3142692663122004,0.0,0.0
aphelion,holdout,adapt_drive_t14,-6.0,-14,-14.0,-1.6,0.0,True,13.886120922277176,10.84063581808978,11.1,11.200000000000001,19.118423582782867,1.8165408590522922,10.495478476516164,0.4581231530998995,0.4045098658687221,-0.3917712165245882,-0.04787175259763573,0.6015467643737793,0.00149411211889072,0.3387669330436015,2.6359657647559054,-0.5024944095756877,-13.510211182953743,26a0383d59d0c36579984d4cbc86ee335af574e931f1a788a33c16839c04cac8,1.2295520305633545,0.024327495895932482,0.4341418743133545,0.005919139743744326,0.0,0.0
aphelion,holdout,adapt_drive_t9,1.5,-9,-9.0,-1.4,0.0,True,8.967744184103246,8.224921488449372,8.0,8.2,16.71080754102396,-0.5910751940053132,7.596119452142622,0.2823100143949695,0.6612616867988163,-0.13501939491405546,-0.07756986429485754,2.6176998615264893,0.46137193077328903,55.26566619178183,1.925652180325591,3.4102293673684154,-8.610936087833386,2d007b9cd1cdfde08c944cb17f01b7cc20e19898c80f98ee5071fc3565a82af8,3.5570507049560547,0.7155241558620284,2.668090581893921,0.526535656870297,0.0,0.0
aphelion,holdout,comp_off_t14,0,-14,-14.0,-5.0,0.0,True,10.46710297893489,9.591905295379691,10.2,10.2,18.39348928420675,1.0916065604761762,8.681148473445361,0.6906473399944968,0.6658254244874708,-0.13045565790583946,-0.07841913981188421,2.273653030395508,0.17648006425919255,30.216943910156495,2.216628651090941,2.02728295834938,-10.105572771305727,6d0655be71188a8f626c315fc6476d47b9fa58e544b78549dc43a56077c7e87f,0.0,0.0,0.0,0.0,0.0,0.0
aphelion,holdout,comp_off_t9,0,-9,-10.0,-1.0,1.0,True,10.467104151276382,9.591457936730823,10.2,10.3,18.393489296361494,1.0916065613322203,8.681148551052804,0.6906473785631633,0.6658254234036496,-0.13045565830922212,-0.07841913968497573,2.273653030395508,0.17648006425919255,30.216943910156495,2.216628651090941,2.02728295834938,-10.105572771305727,1704231520930fd6eda9d6f1eb2209b574813937b215ded441f442a69758fbb8,0.0,0.0,0.0,0.0,0.0,0.0
aphelion,holdout,continuous_drive_t14,-3.0,-14,-14.0,-1.7,0.0,True,13.762128752472387,11.437686545438474,10.9,10.899999999999999,18.863114199376767,1.561231475646192,11.524336933379347,0.3450984463818667,0.6316457015170406,-0.16463538087626972,-0.07481793922771254,2.6077911853790283,0.03890267612791901,8.155066250005303,-0.009386641372947858,0.08448882395582306,-13.361157602614187,64220b024d3c257955c76b4cbd440633ed75ba44dd079e7bfe7fd14e67d0eff9,2.160419464111328,0.1543278867717139,1.2715356349945068,0.071501086025803,0.0,0.0
aphelion,holdout,continuous_drive_t9,6.0,-9,-9.3,-1.0,0.3000000000000007,True,9.686547385471675,9.006838052408593,5.3,5.42,14.964910933083704,-2.3369718019455696,8.522396449784033,0.7880396150181319,1.00143621101332,0.2051551293004482,-0.11755182295818627,8.872879981994629,1.9284950939104775,73.93191054765772,-0.04153285204401801,0.3737683370355417,-9.325692233705448,cefdd71dd9642caffd1d20f6449c6823c09559734cd165c9854e5e32efb0471f,4.9533514976501465,1.6366906100583303,4.06463623046875,1.46151029658295,0.008390267379581928,2.656328302891708e-06
aphelion,holdout,continuous_t14,0,-14,-14.0,-3.6,0.0,True,11.814063530253609,10.601544749967779,9.4,9.459999999999997,17.54549120013544,0.24360847640486583,10.661501255456027,0.07006035492739571,0.7686751973487581,-0.027605885044552192,-0.09084829308347298,4.884108066558838,0.3157252545694094,36.96937339206804,-0.015948603512906966,0.14414418520754416,-11.426750473735071,1d409d02ddfaa9eba574d2c0c22b87988f1392421260b2abe319e3561ee2d4e0,3.091524124145508,0.47867013664427754,2.202575922012329,0.3142692663122004,0.0,0.0
aphelion,holdout,continuous_t9,0,-9,-11.4,-1.0,2.4000000000000004,True,11.814064102248476,10.59922222972984,9.4,9.5,17.545491199051522,0.24360846402224823,10.661500808601645,0.07006034851561793,0.7686751964210768,-0.027605885291794863,-0.09084829297468193,4.884108066558838,0.3157252545694094,36.96937339206804,-0.015948603512906966,0.14414418520754416,-11.426750473735071,1e7103a92e676240a44bc7d2e07a1c565ef6b55c2daa382e3c554c88a8d876ee,3.091524124145508,0.47867013664427754,2.202575922012329,0.3142692663122004,0.0,0.0
aphelion,holdout,control_t14,0,-14,-14.0,-5.8,0.0,True,9.620155817341363,8.819264718220325,8.8,9.0,17.301882723730575,0.0,8.27409099804829,0.0,0.7962810823933103,0.0,-0.09348241400862303,2.4035658836364746,0.2993569055878662,44.8795541592377,2.097571560488591,2.6232127608219633,-9.245933414119342,1f44c55024f7e6bbc45e8c9b03de8238ecfa603d7bd6f884fca2edb3229d890f,3.091524124145508,0.47867013664427754,2.202575922012329,0.3142692663122004,0.0,0.0
aphelion,holdout,control_t9,0,-9,-9.2,-1.0,0.1999999999999993,True,9.62015604865914,8.834017714200368,8.8,9.0,17.301882735029274,0.0,8.27409062982138,0.0,0.7962810817128717,0.0,-0.09348241394383236,2.4035658836364746,0.2993569055878662,44.8795541592377,2.097571560488591,2.6232127608219633,-9.245933414119342,89462adf6443a3337e91ead5434d719802c474705871b49ab46d7b4071e49818,3.091524124145508,0.47867013664427754,2.202575922012329,0.3142692663122004,0.0,0.0
aphelion,holdout,density25_t14,0,-14,-14.0,-5.4,0.0,True,10.088543880678422,9.2999539571996,9.9,10.0,18.163041668409363,0.8611589446787882,8.32253023631095,0.7284879876950381,0.690309159931653,-0.10597192246165732,-0.08123911258048133,2.384216547012329,0.2314203317238386,36.20192126706985,2.143263580219962,2.5504456897549987,-9.731354768754105,256098b79e914f91a1b9cda5a3d5c30463368f33426218f599efe5a3fedeae38,0.6817182302474976,0.011706449796882446,0.22654373943805695,0.0026026203794918233,0.0,0.0
aphelion,holdout,density25_t9,0,-9,-9.7,-1.0,0.6999999999999993,True,10.088543820901378,9.3072535012009,9.9,10.0,18.163041691805724,0.8611589567764497,8.322529545225656,0.7284880129149176,0.6903091590263188,-0.10597192268655287,-0.08123911247956007,2.384216547012329,0.2314203317238386,36.20192126706985,2.143263580219962,2.5504456897549987,-9.731354768754105,47b6246d38c303c5ad7ccac737d9e70cfb844cd00bea6f7eda700600cbc92a01,0.6817182302474976,0.011706449796882446,0.22654373943805695,0.0026026203794918233,0.0,0.0
aphelion,holdout,density75_t14,0,-14,-14.0,-6.0,0.0,True,9.412264369686232,8.613994167455747,8.0,8.2,16.693315133283352,-0.6085675904472225,8.326573339934587,0.687105540296665,0.8526360064339482,0.05635492404063791,-0.09995611920787484,2.4700303077697754,0.32775097459499647,48.95871981832473,2.0876310781163663,2.760581977663012,-9.034408718275259,dd0221308bd0e3a6fe4cfcfb2cfbe99cb18d10e1cff5ec2d92501eb8a6531661,4.719472885131836,0.9493529582159355,3.5400187969207764,0.6986058249319458,0.0,0.0
aphelion,holdout,density75_t9,0,-9,-9.0,-1.0,0.0,True,9.412265417286287,8.61576144875432,8.0,8.2,16.693315148361318,-0.6085675866679559,8.326573907238792,0.6871055358120906,0.8526360053384897,0.056354923625618,-0.09995611909854404,2.4700303077697754,0.32775097459499647,48.95871981832473,2.0876310781163663,2.760581977663012,-9.034408718275259,92fdea9aeaa7b047d1453b8684223de904b6040086b9a90909deada96a55b179,4.719472885131836,0.9493529582159355,3.5400187969207764,0.6986058249319458,0.0,0.0
aphelion,holdout,drive_t14,-6.0,-14,-14.0,-1.7,0.0,True,13.796116024092143,10.822814517436209,11.1,11.200000000000001,19.128016417561728,1.826133693831153,10.472266009816224,0.43983243609788936,0.5883030428879669,-0.20797803950534344,-0.0695580560062444,0.6585913896560669,0.0017720778113971337,0.4370626694928839,2.6301832369037697,-0.4533535196128107,-13.418649878371477,2394f663ff98bc14422ef946a04312ea191b3a8b4851f4dcfbebfd0f33a803c2,1.2295520305633545,0.024327495895932482,0.4341418743133545,0.005919139743744326,0.0,0.0
aphelion,holdout,drive_t9,0.0,-9,-9.2,-1.0,0.1999999999999993,True,9.62015604865914,8.834017714200368,8.8,9.0,17.301882735029274,0.0,8.27409062982138,0.0,0.7962810817128717,0.0,-0.09348241394383236,2.4035658836364746,0.2993569055878662,44.8795541592377,2.097571560488591,2.6232127608219633,-9.245933414119342,89462adf6443a3337e91ead5434d719802c474705871b49ab46d7b4071e49818,3.091524124145508,0.47867013664427754,2.202575922012329,0.3142692663122004,0.0,0.0
aphelion,holdout,sat_half_t14,0,-14,-14.0,-5.6,0.0,True,9.824811652061737,9.01143443934585,8.9,9.0,17.33394175044832,0.03205902671774652,8.494630027080504,0.009171871781648022,0.7929621208944386,-0.0033189614988716754,-0.09315234568164438,2.557435989379883,0.29822963654032447,43.86721655140385,1.8976613366773165,2.4694089322682005,-9.449127369599665,48178deaa26f2785b6bceea3d045abea9f523523cced72cf9cf663f4b5ee5b53,3.091524124145508,0.47867013664427754,2.202575922012329,0.3142692663122004,0.0,0.0
aphelion,holdout,sat_half_t9,0,-9,-9.4,-1.0,0.40000000000000036,True,9.824810941040017,9.015060048992527,8.9,9.07,17.33394175936776,0.03205902433848706,8.494629596841634,0.009171872402152559,0.7929621208670783,-0.003318960845793417,-0.09315234569084431,2.557435989379883,0.29822963654032447,43.86721655140385,1.8976613366773165,2.4694089322682005,-9.449127369599665,ae5a763c494e3e08bb8266a57531733e88ccd5797d126169e130ae401df62157,3.091524124145508,0.47867013664427754,2.202575922012329,0.3142692663122004,0.0,0.0
aphelion,holdout,sat_off_t14,0,-14,-14.0,-3.6,0.0,True,11.823290299005574,10.609120992595471,9.4,9.459999999999997,17.51775041329109,0.21586768956051472,10.671691800584,0.08053078866194419,0.770905391112571,-0.025375691280739354,-0.09112052655913161,5.028316497802734,0.32954333704275507,37.586267209205,0.0,0.0,-11.435392426232138,f14a23ea4f8bc5aef2c76c797fc6ea803697196152e7f66b66dfc861e4e8029d,3.091524124145508,0.47867013664427754,2.202575922012329,0.3142692663122004,0.0,0.0
aphelion,holdout,sat_off_t9,0,-9,-11.4,-1.0,2.4000000000000004,True,11.82328974062057,10.608739100013949,9.4,9.5,17.517750437585498,0.21586770255622412,10.671690766203113,0.0805308014110544,0.7709053901299048,-0.02537569158296693,-0.09112052644679462,5.028316497802734,0.32954333704275507,37.586267209205,0.0,0.0,-11.435392426232138,af6299bb2f86b0b38861ebd3b6b2a4a2d64a731d5b45fa767f91ef422ae90703,3.091524124145508,0.47867013664427754,2.202575922012329,0.3142692663122004,0.0,0.0
funk,development,adapt0_t14,0,-14,-14.0,-2.7,0.0,True,13.15052805927742,10.68292447094865,7.3,7.200000000000001,7.263290857966645,-0.04362899681180643,8.102892853930314,0.24037167950988803,-12.755609942334548,-0.23207743201915143,0.8993114176242728,2.8124606609344482,0.21427303716689952,33.33443639584006,2.126904872496987,2.1165161095226286,-10.271040219273646,fcf1b9e7d78295eeb9d26652faeb24f052c069016c78938ccf729eb34ea6a296,1.6002925634384155,0.16392245105951822,1.2517532110214233,0.05298899604700098,0.07459033280611038,0.0001340664768354477
funk,development,adapt0_t9,0,-9,-12.3,-1.0,3.3000000000000007,True,13.15052821924321,10.68526514848529,7.3,7.199999999999999,7.263290870640393,-0.04362900227106792,8.102892775828927,0.24037169148900794,-12.755609945114948,-0.23207743159117555,0.8993114176861935,2.8124606609344482,0.21427303716689952,33.33443639584006,2.126904872496987,2.1165161095226286,-10.271040219273646,f50b33fcb7efc4ca8a178adde6027d981080633b064da40eaedf2c91a2a9d5bd,1.6002925634384155,0.16392245105951822,1.2517532110214233,0.05298899604700098,0.07459033280611038,0.0001340664768354477
funk,development,adapt100_t14,0,-14,-14.0,-2.5,0.0,True,13.357565550870374,10.846074279300712,7.3,7.299999999999999,7.306919854778451,0.0,8.234608210706183,0.0,-12.523532510315396,0.0,0.8940784881093381,2.770368814468384,0.20006101698278062,32.175669232525124,2.1676891472220645,2.0335526149762684,-10.423446890279699,cf3c0a65a3f242035fcaf5668313ad33d90f15bec9231551bdade699ef906c2c,1.4747689962387085,0.13570180272620583,1.207092523574829,0.046487887846491584,0.07458917051553726,0.00013407025679416926
funk,development,adapt100_t9,0,-9,-12.5,-1.0,3.5,True,13.357565108601834,10.848097965690114,7.3,7.300000000000001,7.306919872911461,0.0,8.234607197656084,0.0,-12.523532513523772,0.0,0.8940784881841276,2.770368814468384,0.20006101698278062,32.175669232525124,2.1676891472220645,2.0335526149762684,-10.423446890279699,02762108bc584aca8fe7364a8c9292bc3aede09d83ccf679a84c2ac5a520c115,1.4747689962387085,0.13570180272620583,1.207092523574829,0.046487887846491584,0.07458917051553726,0.00013407025679416926
funk,development,adapt_drive_t14,-4.5,-14,-14.0,-0.9,0.0,True,14.735917520081044,12.366563232552775,8.1,8.069999999999997,8.170209263466916,0.8632894086884644,9.529934187325239,0.5741549136551161,-13.037408399861237,-0.5138758895458402,0.9053444510389693,0.8831679224967957,0.0014731901493635958,0.32496446562924763,2.608318320563263,-0.5099649337273529,-13.79267134160379,6fed742af4920887a78eb35e7c5fa5c92bd6bd3fa827a9ab92d69ccd863b1f4c,0.2734856903553009,0.005268349039838581,0.14767210185527802,8.986561598303507e-05,0.0,0.0
funk,development,adapt_drive_t9,6.0,-9,-11.5,-0.9,2.5,True,12.393675018403046,8.869500297131884,6.0,6.07,5.993528094216305,-1.3133917786951557,6.321990820373758,1.0448284480054326,-11.632748135285166,0.8907843782386067,0.8714870849256648,5.552854537963867,1.0141240445790196,70.97247116166889,1.1496967314324964,6.427283664511165,-7.906054009981454,d8178993560bb31f79c7f5f70a2f90b5d54f761e671b03ee1ee7c0ba4924b265,3.336848497390747,0.9189924396053084,3.0691781044006348,0.720666437687364,1.4580854177474976,0.07509361426146068
funk,development,comp_off_t14,0,-14,-14.0,-2.0,0.0,True,13.85603478347994,11.7169225933947,7.6,7.599999999999998,7.6321470752159115,0.3252272204374602,9.42676254878025,0.3521780431124437,-12.711283305126788,-0.18775079481139123,0.8983315295584117,2.159224033355713,0.11960168080067993,23.232263542793646,2.289681528393023,1.8129646033324383,-11.834502256942134,892796427e93c9e682a8bbdca1f06c9b08b2711240a6cbc2c1aad4a5862a391c,0.0,0.0,0.0,0.0,0.0,0.0
funk,development,comp_off_t9,0,-9,-13.0,-1.0,4.0,True,13.856034901049574,11.721273166644735,7.6,7.599999999999998,7.632147084390892,0.32522721147943123,9.426761659546575,0.3521780480329326,-12.711283300788294,-0.18775078726452143,0.8983315294626111,2.159224033355713,0.11960168080067993,23.232263542793646,2.289681528393023,1.8129646033324383,-11.834502256942134,7ba9917764dd3e3dae9fcd24cbb7603ae9055816afeefe861a3b01d5ada18b50,0.0,0.0,0.0,0.0,0.0,0.0
funk,development,continuous_drive_t14,-1.5,-14,-14.0,-0.8,0.0,False,14.797990418246396,12.951585691960558,8.0,7.9,8.029068849143746,0.7221489943652948,10.186721645026289,0.4786188656145285,-12.954106701482953,-0.43057419116755646,0.9036017730709903,3.091932535171509,0.059456549070818696,12.416420503635829,-0.010586444358016112,0.08821826652805682,-13.66678847982032,3964f17acf15f16bbd83ab6e2e742564c2be2e7f179fdb6fc73f7d254e817319,1.0092583894729614,0.06053015988505779,0.7512261271476746,0.012464228374697349,0.0010166327701881528,1.0110035141436382e-07
funk,development,continuous_drive_t9,6.0,-9,-11.6,-1.0,2.5999999999999996,True,12.477657070305678,10.81757735199822,5.8,5.800000000000001,5.786648383179617,-1.5202714897318437,9.014281140313344,0.9532123219279303,-11.594307108601523,0.9292254049222493,0.8704393721564272,8.877790451049805,1.4810798116068027,72.1177539486261,-0.041595090571262774,0.3750081220081731,-10.273477263096675,d7f33cc02c8c1f49fb0c44fa30818e50867aadd404f957d39ccf4c3455a450ef,3.336848497390747,0.9189924396053084,3.0691781044006348,0.720666437687364,1.4580854177474976,0.07509361426146068
funk,development,continuous_t14,0,-14,-14.0,-1.8,0.0,True,14.116139080161455,12.506455233803086,7.6,7.6,7.617214360265656,0.31029450548720483,9.857082691573709,0.1967846872196244,-12.690999193724078,-0.16746668340868176,0.8978880950316884,4.322986125946045,0.19242660335254116,26.818578634174497,-0.014358059684386236,0.1212893158594052,-12.630883217085135,c65c89ffaafba37d3207381e879252deb032e6dc833c9237b3ba11494ed87f04,1.4747689962387085,0.13570180272620583,1.207092523574829,0.046487887846491584,0.07458917051553726,0.00013407025679416926
funk,development,continuous_t9,0,-9,-13.2,-1.0,4.199999999999999,True,14.116138911523274,12.506455062498919,7.6,7.6,7.617214365524109,0.3102944926126483,9.857082629975231,0.19678469002481336,-12.690999193892802,-0.16746668036902967,0.8978880950340424,4.322986125946045,0.19242660335254116,26.818578634174497,-0.014358059684386236,0.1212893158594052,-12.630883217085135,9e321c9211d04577552067cf11aa44221bb64ffdc8b9313c5e24496d91a43cc7,1.4747689962387085,0.13570180272620583,1.207092523574829,0.046487887846491584,0.07458917051553726,0.00013407025679416926
funk,development,control_t14,0,-14,-14.0,-2.5,0.0,True,13.357565550870374,10.846074279300712,7.3,7.299999999999999,7.306919854778451,0.0,8.234608210706183,0.0,-12.523532510315396,0.0,0.8940784881093381,2.770368814468384,0.20006101698278062,32.175669232525124,2.1676891472220645,2.0335526149762684,-10.423446890279699,cf3c0a65a3f242035fcaf5668313ad33d90f15bec9231551bdade699ef906c2c,1.4747689962387085,0.13570180272620583,1.207092523574829,0.046487887846491584,0.07458917051553726,0.00013407025679416926
funk,development,control_t9,0,-9,-12.5,-1.0,3.5,True,13.357565108601834,10.848097965690114,7.3,7.300000000000001,7.306919872911461,0.0,8.234607197656084,0.0,-12.523532513523772,0.0,0.8940784881841276,2.770368814468384,0.20006101698278062,32.175669232525124,2.1676891472220645,2.0335526149762684,-10.423446890279699,02762108bc584aca8fe7364a8c9292bc3aede09d83ccf679a84c2ac5a520c115,1.4747689962387085,0.13570180272620583,1.207092523574829,0.046487887846491584,0.07458917051553726,0.00013407025679416926
funk,development,density25_t14,0,-14,-14.0,-2.3,0.0,True,13.5212102334366,11.277862540241852,7.7,7.6,7.687858680715619,0.380938825937168,8.483366823073611,0.30208769689027726,-12.805372132105743,-0.28183962179034694,0.9004058822368973,2.211787462234497,0.10767600338516041,21.95160797248557,2.308382273802809,1.2928105284776412,-11.232719725050128,786fad1686866194ee5be5ed4cf4f81a765a8a59a97bc2a6f63a18de8cae6c7a,0.03453218564391136,0.00017096281791876736,0.006259982008486986,4.1279016982012097e-07,0.0,0.0
funk,development,density25_t9,0,-9,-12.7,-1.0,3.6999999999999993,True,13.521209702089811,11.278320032261004,7.7,7.699999999999999,7.687858694916358,0.3809388220048966,8.483366819139434,0.30208769216510234,-12.805372127698774,-0.28183961417500214,0.900405882140843,2.211787462234497,0.10767600338516041,21.95160797248557,2.308382273802809,1.2928105284776412,-11.232719725050128,9aa56c7eb048f1620c865aa65228724271fd7a3d28bde9caa9fcd02d8330bc13,0.03453218564391136,0.00017096281791876736,0.006259982008486986,4.1279016982012097e-07,0.0,0.0
funk,development,density75_t14,0,-14,-14.0,-2.5,0.0,True,13.4180867413725,10.677188486983454,7.0,6.999999999999998,7.030157917899114,-0.27676193687933726,8.037949060912778,0.30064546903205347,-12.272168352572862,0.2513641577425343,0.8881163977257456,3.330618143081665,0.2712860547114291,39.30493104958874,2.0837910444212167,2.546521215191487,-9.992922688166283,5a1de4f6fd00bb837e08bd81e6dc9e03ada1011978be5494e3ca2f7c5d3b6791,2.574366569519043,0.34229014749572245,2.2192142009735107,0.1629513840476264,0.3509923219680786,0.0016404941649052396
funk,development,density75_t9,0,-9,-12.5,-1.0,3.5,True,13.4180868458489,10.677188498014512,7.0,6.9,7.030157932615358,-0.2767619402961028,8.037948757934775,0.3006454776282528,-12.272168354593834,0.25136415892993824,0.8881163977752705,3.330618143081665,0.2712860547114291,39.30493104958874,2.0837910444212167,2.546521215191487,-9.992922688166283,4a00fc09ec8ed592a5a09e82411673ec2fe4c6b283f1884584cfcedcbd488477,2.574366569519043,0.34229014749572245,2.2192142009735107,0.1629513840476264,0.3509923219680786,0.0016404941649052396
funk,development,drive_t14,-4.5,-14,-14.0,-0.9,0.0,True,14.735917520081044,12.366563232552775,8.1,8.069999999999997,8.170209263466916,0.8632894086884644,9.529934187325239,0.5741549136551161,-13.037408399861237,-0.5138758895458402,0.9053444510389693,0.8831679224967957,0.0014731901493635958,0.32496446562924763,2.608318320563263,-0.5099649337273529,-13.79267134160379,6fed742af4920887a78eb35e7c5fa5c92bd6bd3fa827a9ab92d69ccd863b1f4c,0.2734856903553009,0.005268349039838581,0.14767210185527802,8.986561598303507e-05,0.0,0.0
funk,development,drive_t9,6.0,-9,-11.5,-0.9,2.5,True,12.393675018403046,8.869500297131884,6.0,6.07,5.993528094216305,-1.3133917786951557,6.321990820373758,1.0448284480054326,-11.632748135285166,0.8907843782386067,0.8714870849256648,5.552854537963867,1.0141240445790196,70.97247116166889,1.1496967314324964,6.427283664511165,-7.906054009981454,d8178993560bb31f79c7f5f70a2f90b5d54f761e671b03ee1ee7c0ba4924b265,3.336848497390747,0.9189924396053084,3.0691781044006348,0.720666437687364,1.4580854177474976,0.07509361426146068
funk,development,sat_half_t14,0,-14,-14.0,-2.6,0.0,True,13.322180102580298,11.012306116473699,7.3,7.299999999999999,7.340567773829127,0.03364791905067577,8.41791810176416,0.025190121985243508,-12.540777586979583,-0.017245076664186954,0.8944771457890183,2.671905755996704,0.19692898486371122,31.4661636701636,1.9614931399380517,1.9070682802127652,-10.627824363649962,2226a469ad5ed698994b9c3cc7f7c8e731cfda648a458162c9049c791d5fc367,1.4747689962387085,0.13570180272620583,1.207092523574829,0.046487887846491584,0.07458917051553726,0.00013407025679416926
funk,development,sat_half_t9,0,-9,-12.4,-1.0,3.4000000000000004,True,13.322180080792526,11.01575138427623,7.3,7.300000000000001,7.340567784133134,0.033647911221672544,8.417917451474686,0.025190119922775978,-12.540777588333551,-0.01724507480977877,0.8944771458204114,2.671905755996704,0.19692898486371122,31.4661636701636,1.9614931399380517,1.9070682802127652,-10.627824363649962,f3e4dd57bb0c2c4a029cc962f9dd87629fde07e4ede421eb66f94ce255debd53,1.4747689962387085,0.13570180272620583,1.207092523574829,0.046487887846491584,0.07458917051553726,0.00013407025679416926
funk,development,sat_off_t14,0,-14,-14.0,-1.8,0.0,True,14.133397559101,12.514350458465952,7.6,7.6,7.603719782771535,0.2967999279930833,9.874643225283995,0.1897415289877724,-12.685742547454433,-0.1622100371390367,0.8977708398844048,4.440331935882568,0.20048438304381488,27.358944193591523,0.0,0.0,-12.637876081928429,0c33d0aba739b7517af63d9563e5b7719fe7bd9cd52c0d7550b150da6bda712a,1.4747689962387085,0.13570180272620583,1.207092523574829,0.046487887846491584,0.07458917051553726,0.00013407025679416926
funk,development,sat_off_t9,0,-9,-13.2,-1.0,4.199999999999999,True,14.133397516585438,12.514350414025877,7.6,7.6,7.6037197820794535,0.2967999091679925,9.874642580939557,0.18974152632282326,-12.685742545996757,-0.16221003247298427,0.8977708398522622,4.440331935882568,0.20048438304381488,27.358944193591523,0.0,0.0,-12.637876081928429,ca0b65d7119a83d29445e1f36d080bc7c654794321490ef14e578b31b2d9e13a,1.4747689962387085,0.13570180272620583,1.207092523574829,0.046487887846491584,0.07458917051553726,0.00013407025679416926
metal,development,adapt0_t14,0,-14,-14.0,-8.7,0.0,True,6.704625049745408,6.200764365435468,0.6,0.6000000000000014,3.7683324383893897,-0.08593662003773339,6.590528946275822,0.7200686298947758,-12.470546989077429,0.4511439082182118,0.8928336877595626,3.7100024223327637,0.9928632965086095,95.2114350562733,1.6538803238383692,7.9108306867967375,-5.963204590516901,24bf9b6bef5bee86c4863d4679a23e425c825d8c7b413cc59d59d691c1b1e0a8,2.5341970920562744,1.315349282606867,1.9650708436965942,0.42117465870070603,0.08100133389234543,8.00672856694759e-05
metal,development,adapt0_t9,0,-9,-9.0,-3.7,0.0,True,6.704625705243573,6.204382273845315,0.6,0.6000000000000014,3.768332432388217,-0.0859366243587747,6.590528492998816,0.7200686175225055,-12.47054699281082,0.4511439037589824,0.8928336878467998,3.7100024223327637,0.9928632965086095,95.2114350562733,1.6538803238383692,7.9108306867967375,-5.963204590516901,5351915d4773c045244c36eb3fa4c95bbef1483d95b60d65ab2a73936d7a7cf8,2.5341970920562744,1.315349282606867,1.9650708436965942,0.42117465870070603,0.08100133389234543,8.00672856694759e-05
metal,development,adapt100_t14,0,-14,-14.0,-8.3,0.0,True,6.935037462776476,6.503856643644227,0.8,0.7000000000000011,3.881470447779323,0.027201389352200067,6.985728394389449,0.01736392124781716,-12.93636601917013,-0.014675121874489605,0.903205689110649,3.3914804458618164,0.745174061679156,88.19609437095475,1.8356097434051692,6.593796210213125,-6.390946725463842,3d44a2fd52a74beca30feec9d4c8c4e69131a7ca7cab5f433adc095f2308cb2c,0.13592474162578583,0.0036357088028154206,0.034418996423482895,8.003879540186104e-05,0.0,0.0
metal,development,adapt100_t9,0,-9,-9.0,-3.3,0.0,True,6.935038036522192,6.503928011983619,0.8,0.7000000000000011,3.881470443628176,0.027201386881184675,6.985730268705549,0.017363913216598803,-12.936366015283182,-0.01467511871337912,0.9032056890281944,3.3914804458618164,0.745174061679156,88.19609437095475,1.8356097434051692,6.593796210213125,-6.390946725463842,35d17cd36490b65469a0f1b50c644ac824e4f58374c2c477d0e52d5196ef317c,0.13592474162578583,0.0036357088028154206,0.034418996423482895,8.003879540186104e-05,0.0,0.0
metal,development,adapt_drive_t14,-9.0,-14,-14.0,-1.6,0.0,True,13.848680056332267,11.400200163319948,0.9,0.9000000000000004,4.459187585099986,0.6049185266728632,11.3026115951606,0.6467049928977033,-12.88766918452444,0.034021712771199475,0.9021683005389848,0.9497634172439575,0.002184404076651597,0.47908389254234013,2.7653993150035556,-0.3431889488600295,-13.50020512458758,3d2acfaf1c62813dbb5ebb3e502cb8192c3de2b5b90c8bc098a25b79fea931ee,0.0,0.0,0.0,0.0,0.0,0.0
metal,development,adapt_drive_t9,-3.0,-9,-9.0,-1.6,0.0,True,8.757071132667196,8.472962882892807,0.9,0.9000000000000004,4.252654533541477,0.3983854767944859,8.659753625208282,0.22116065604336477,-12.918012891721437,0.003678004848366001,0.9028158177371928,2.690993309020996,0.2722334626168472,51.665840413631315,2.3257073283247838,3.8046499756231364,-8.336001577826954,a3539d56dda8cd19fe800b819a56cf72ac4b5ea2a9cb7c0fc4e37c8e2b8188dd,0.0009279228397645056,5.1334392372086414e-08,0.0,0.0,0.0,0.0
metal,development,comp_off_t14,0,-14,-14.0,-8.3,0.0,True,7.109723295038535,6.708196850202832,0.9,0.8000000000000007,3.9311048453702284,0.07683578694310533,7.24803663756496,0.059883939638480044,-12.938203279306702,-0.016512382011061533,0.9032444682009838,3.089411735534668,0.634211964338141,82.86169048037446,1.9184517266284298,4.752414636742345,-6.562917267550777,03c2a27b1d8862edfe72c273049130119d90facfc31f476350075354f1b1b29e,0.0,0.0,0.0,0.0,0.0,0.0
metal,development,comp_off_t9,0,-9,-9.0,-3.3,0.0,True,7.109724563093443,6.70830569404018,0.9,0.8500000000000014,3.931104849904491,0.07683579315749967,7.248036595629901,0.05988393386870072,-12.938203282160746,-0.016512385590942813,0.9032444682613745,3.089411735534668,0.634211964338141,82.86169048037446,1.9184517266284298,4.752414636742345,-6.562917267550777,03bf4f456a0d83fa5ce7874658e03c00c6f66654b1171f656c5b450a0f6d36e5,0.0,0.0,0.0,0.0,0.0,0.0
metal,development,continuous_drive_t14,-6.0,-14,-14.0,-1.9,0.0,True,13.533623807765435,12.245571169656792,0.9,0.9000000000000004,4.4504567711914635,0.5961877127643405,12.118971042312582,0.6450536300719563,-12.846740909877001,0.07494998741863945,0.9012878089047283,3.8319051265716553,0.0370536896941431,6.790645101224331,-0.005692374287800613,0.10474089409235088,-13.121222355032293,ecf3568dfd4f692be9862d9f6f5a4e6977d620be8c750040a5357edff2928afd,0.0,0.0,0.0,0.0,0.0,0.0
metal,development,continuous_drive_t9,0.0,-9,-9.0,-1.5,0.0,True,8.919232920222232,8.688177971910132,1.1,1.0,3.901007572639463,0.046738515892471355,9.215762028821342,0.1288957415807328,-12.675730473944725,0.24596042262507822,0.897525811193183,9.515037536621094,1.1497443760231563,85.30067276522365,-0.022441518743166033,0.40679762298419064,-8.556726035723592,e2b8e33610da601f2b389da0b348b6ec3ea8c9999654f29ef28d4b9f2bca5372,0.3127070367336273,0.025745958410842318,0.1283242106437683,0.0014519300154237091,0.0,0.0
metal,development,continuous_t14,0,-14,-14.0,-6.5,0.0,True,8.919233116344662,8.682689355849387,1.1,1.0,3.9010075700888294,0.04673851166170628,9.215760977735265,0.12889573743194127,-12.675730479028196,0.24596041826744397,0.8975258113068755,9.515037536621094,1.1497443760231563,85.30067276522365,-0.022441518743166033,0.40679762298419064,-8.556726035723592,914a002f830c5cae3dfeb9d41a781042ee22ea6adf7a21722ef8fd3ac5777453,0.3127070367336273,0.025745958410842318,0.1283242106437683,0.0014519300154237091,0.0,0.0
metal,development,continuous_t9,0,-9,-9.0,-1.5,0.0,True,8.919232920222232,8.688177971910132,1.1,1.0,3.901007572639463,0.046738515892471355,9.215762028821342,0.1288957415807328,-12.675730473944725,0.24596042262507822,0.897525811193183,9.515037536621094,1.1497443760231563,85.30067276522365,-0.022441518743166033,0.40679762298419064,-8.556726035723592,e2b8e33610da601f2b389da0b348b6ec3ea8c9999654f29ef28d4b9f2bca5372,0.3127070367336273,0.025745958410842318,0.1283242106437683,0.0014519300154237091,0.0,0.0
metal,development,control_t14,0,-14,-14.0,-8.4,0.0,True,6.864137195235006,6.411651725174237,0.7,0.7000000000000011,3.854269058427123,0.0,6.885090127082103,0.0,-12.92169089729564,0.0,0.9028939623378603,3.4373462200164795,0.7864712507730007,89.89090126347662,1.7993517670899788,6.780815758736843,-6.297214141506952,b7865644edebadfff770db2adad4cc04e4beb713f68ad2a3120aba378584d020,0.3127070367336273,0.025745958410842318,0.1283242106437683,0.0014519300154237091,0.0,0.0
metal,development,control_t9,0,-9,-9.0,-3.4,0.0,True,6.864136964512592,6.413219806155103,0.7,0.7000000000000011,3.8542690567469915,0.0,6.88509106727849,0.0,-12.921690896569803,0.0,0.902893962322395,3.4373462200164795,0.7864712507730007,89.89090126347662,1.7993517670899788,6.780815758736843,-6.297214141506952,501b910eb663769bb878db7647566584288430814dd75ef1c762f7ae8a0be145,0.3127070367336273,0.025745958410842318,0.1283242106437683,0.0014519300154237091,0.0,0.0
metal,development,density25_t14,0,-14,-14.0,-8.2,0.0,True,7.033336764523998,6.627051527555875,0.8,0.8000000000000007,3.9130297645570113,0.05876070612988826,7.112673214960951,0.021646483325014287,-12.937229019078146,-0.015538121782505243,0.9032240004972598,3.3366246223449707,0.6965852609650484,85.86126282894753,1.8804336258248968,6.377772326142686,-6.512081065071665,2870757ac709de0c03c0198b540bfff009fee7cb6f7e512126d8cc1bc81c2d8a,0.016398532316088676,2.599713832815051e-05,0.0,0.0,0.0,0.0
metal,development,density25_t9,0,-9,-9.0,-3.2,0.0,True,7.0333362796442245,6.6274170344133285,0.8,0.8000000000000007,3.913029764714368,0.058760707967376646,7.112674364826567,0.021646477773602513,-12.937229018456165,-0.015538121886361722,0.9032240004840939,3.3366246223449707,0.6965852609650484,85.86126282894753,1.8804336258248968,6.377772326142686,-6.512081065071665,f79399e312fb1262f337236368ce39c212556a1c84bd094f8d73d5603afe3ae0,0.016398532316088676,2.599713832815051e-05,0.0,0.0,0.0,0.0
metal,development,density75_t14,0,-14,-14.0,-8.5,0.0,True,6.725228851144923,6.274755180524642,0.7,0.7000000000000011,3.794614684363264,-0.059654374063859095,6.6793768046841,0.24697051578593587,-12.726847239944806,0.19484365735083387,0.8986639355656122,3.5736331939697266,0.8912858167802289,93.30343345043744,1.720140822281717,7.35973300936754,-6.106572347476366,e3957d472071e6897551eff6fd1d4a0883d018ac0a291e91989dceb94734f092,1.1720972061157227,0.33584029592417436,0.7621791958808899,0.055447592189619324,0.0,0.0
metal,development,density75_t9,0,-9,-9.0,-3.5,0.0,True,6.7252279087088755,6.2795765864958,0.7,0.7000000000000011,3.7946146876786297,-0.059654369068361746,6.6793765347002125,0.24697050733060877,-12.72684724580845,0.1948436507613529,0.8986639356954982,3.5736331939697266,0.8912858167802289,93.30343345043744,1.720140822281717,7.35973300936754,-6.106572347476366,6ff1096caaf1580b9e01dc47bfa602692318800e3be8d843ae38d65ce4155661,1.1720972061157227,0.33584029592417436,0.7621791958808899,0.055447592189619324,0.0,0.0
metal,development,drive_t14,-9.0,-14,-14.0,-1.8,0.0,True,13.671902939783159,11.362443807394811,0.9,0.9000000000000004,4.456054557798211,0.601785499371088,11.26767211050142,0.6421407702398199,-12.888891781560156,0.03279911573548411,0.9021944820744153,1.0423200130462646,0.0026705401300267024,0.5381359826767836,2.7580780341515125,-0.2490415861287423,-13.316226854144492,4d27cb2c00b5b9eaa220e7876fa3908b259336a88ad4b2f33664551c80eee49d,0.0,0.0,0.0,0.0,0.0,0.0
metal,development,drive_t9,-3.0,-9,-9.0,-1.8,0.0,True,8.616027066568641,8.333744887604908,0.9,0.9000000000000004,4.2363263117757075,0.382057255028716,8.554917470534544,0.203786241597955,-12.918328253054145,0.0033626435156577372,0.9028225195686336,2.7296805381774902,0.2949057385936632,54.468016864134,2.3013676852784246,3.9741863338718653,-8.197066501737167,97c4b1505ef50e18e40477c447833ab35a9c6cc7fbe9b59b4902033b25c359e8,0.03537161275744438,7.000017868330264e-05,0.0,0.0,0.0,0.0
metal,development,sat_half_t14,0,-14,-14.0,-8.2,0.0,True,6.998594557547413,6.6151817803971085,0.8,0.8000000000000007,3.8612182800698758,0.00694922164275269,7.081320115697287,0.011740387680047704,-12.905755373602435,0.015935523693205056,0.9025544261078585,3.5751569271087646,0.8038832248518353,89.18783612664006,1.6279626347842735,6.524209793373872,-6.490849684258586,26e1258d7ba8314a997e8c4f6c06ad5f9873078f7752778c9a1ba0ce7646234b,0.3127070367336273,0.025745958410842318,0.1283242106437683,0.0014519300154237091,0.0,0.0
metal,development,sat_half_t9,0,-9,-9.0,-3.2,0.0,True,6.998593302506759,6.615647485520184,0.8,0.8000000000000007,3.861218280197825,0.006949223450833486,7.081319697081825,0.011740378857560074,-12.905755372395824,0.015935524173979587,0.9025544260821113,3.5751569271087646,0.8038832248518353,89.18783612664006,1.6279626347842735,6.524209793373872,-6.490849684258586,26ee653759de629d392949500fed40c19fd3011a6bb3c19fb2114be0a150f2f6,0.3127070367336273,0.025745958410842318,0.1283242106437683,0.0014519300154237091,0.0,0.0
metal,development,sat_off_t14,0,-14,-14.0,-6.5,0.0,True,8.939961041005047,8.699331876582061,1.1,1.0,3.8862790520904653,0.03200999366334223,9.241862211781127,0.1364383076938651,-12.666669708587364,0.2550211887082767,0.8973227818747354,9.94114875793457,1.1868920154608293,85.88037141859789,0.0,0.0,-8.576752116660819,d71cae3cab9db9df6b3e0b8f46c379965e993347ccad6dcec67652b8f83950ae,0.3127070367336273,0.025745958410842318,0.1283242106437683,0.0014519300154237091,0.0,0.0
metal,development,sat_off_t9,0,-9,-9.0,-1.5,0.0,True,8.939962212594786,8.70794432741945,1.1,1.0,3.8862790561846055,0.032009999437613956,9.241863204667109,0.13643829643453742,-12.666669702451365,0.25502119411843793,0.8973227817371051,9.94114875793457,1.1868920154608293,85.88037141859789,0.0,0.0,-8.576752116660819,edd5912e0a81b9425f65f51c91827a7a45b86d0de4953e0a4e3044b37db57f82,0.3127070367336273,0.025745958410842318,0.1283242106437683,0.0014519300154237091,0.0,0.0
baby,development,adapt0_t14,0,-14,-14.7,-1.0,0.6999999999999993,True,16.034306530245672,12.913575081887622,3.1,3.1000000000000014,7.0641894339784645,-0.10798324695934092,13.371876452181565,0.2074364885083284,-8.867913694681947,-0.034040872138275446,0.7708163903410566,0.9044760465621948,0.0010367622150328068,0.16688918558077437,2.762514532644653,-0.223683283699571,-14.782439593229418,75ab66e756a0fd3fbfbf01a4f0f371065d6f448bdbf2507c419f7957148e8608,0.0,0.0,0.1733994334936142,0.0002100885482073708,0.0,0.0
baby,development,adapt0_t9,0,-9,-14.7,-1.0,5.699999999999999,True,16.034306530245672,12.913575081887622,3.1,3.1000000000000014,7.0641894339784645,-0.10798324695934092,13.371876452181565,0.2074364885083284,-8.867913694681947,-0.034040872138275446,0.7708163903410566,0.9044760465621948,0.0010367622150328068,0.16688918558077437,2.762514532644653,-0.223683283699571,-14.782439593229418,75ab66e756a0fd3fbfbf01a4f0f371065d6f448bdbf2507c419f7957148e8608,0.0,0.0,0.1733994334936142,0.0002100885482073708,0.0,0.0
baby,development,adapt100_t14,0,-14,-16.3,-1.0,2.3000000000000007,True,17.631678344718075,13.162415113283902,3.1,3.1000000000000014,7.177010572946859,0.0048378920090534905,13.820930137032413,0.005838375012920949,-8.833286056983235,0.0005867655604365751,0.7692321435101426,0.0,0.0,0.0,2.8178115463234477,-1.0042811326858756,-16.447351754121712,8f319c9e0614c109118851869063954cf8b43717f27c94b85987b8f231bb97e2,0.0,0.0,0.0,0.0,0.0,0.0
baby,development,adapt100_t9,0,-9,-16.3,-1.0,7.300000000000001,True,17.631678344718075,13.162415113283902,3.1,3.1000000000000014,7.177010572946859,0.0048378920090534905,13.820930137032413,0.005838375012920949,-8.833286056983235,0.0005867655604365751,0.7692321435101426,0.0,0.0,0.0,2.8178115463234477,-1.0042811326858756,-16.447351754121712,8f319c9e0614c109118851869063954cf8b43717f27c94b85987b8f231bb97e2,0.0,0.0,0.0,0.0,0.0,0.0
baby,development,adapt_drive_t14,3.0,-14,-14.0,-1.5,0.0,True,14.885590993714604,12.67070980987905,3.0,3.0999999999999996,7.07375764707086,-0.09841503386694583,12.867528607248703,0.07361764454341468,-8.829344855648824,0.004527966894848134,0.7690256370991425,1.4586622714996338,0.005063066360038352,1.3025617210907743,2.7107362710271476,0.4367933588264292,-13.567786566436919,80519ff62116bfaa097215c3912705da3a3d32515193e8d5fa9ece203b24028c,0.0,0.0,0.0,0.0,0.0,0.0
baby,development,adapt_drive_t9,6.0,-9,-10.9,-1.0,1.9000000000000004,True,12.2761400985128,11.378552271579197,2.9,2.8999999999999986,6.91064219724989,-0.2615304836879151,10.7789992171764,0.4461845017370365,-8.791716723894787,0.04215609864888492,0.7672044113629624,2.3776192665100098,0.07740126971284426,16.196690347442075,2.515178600666819,2.5173617621825417,-10.911999731517065,688461388d84e56002b091452b68e4a2b032fc8d385907a3840f4d82d023fd8c,0.0,0.0,0.010943993926048279,1.4318760362921678e-06,0.0,0.0
baby,development,comp_off_t14,0,-14,-16.0,-1.0,2.0,True,17.347292933557185,13.379872665027357,3.1,3.099999999999998,7.1885768499848055,0.01640416904700004,14.450989495881785,0.011472866104135448,-8.833330494992001,0.0005423275516704962,0.7692483803745486,0.0,0.0,0.0,2.823288239379111,-1.3349577613113814,-16.810796291527872,e71ec184f07ded93c07bc3b61389b78048b6694f21401c16f345fc85973762d8,0.0,0.0,0.0,0.0,0.0,0.0
baby,development,comp_off_t9,0,-9,-16.0,-1.0,7.0,True,17.347292933557185,13.379872665027357,3.1,3.099999999999998,7.1885768499848055,0.01640416904700004,14.450989495881785,0.011472866104135448,-8.833330494992001,0.0005423275516704962,0.7692483803745486,0.0,0.0,0.0,2.823288239379111,-1.3349577613113814,-16.810796291527872,e71ec184f07ded93c07bc3b61389b78048b6694f21401c16f345fc85973762d8,0.0,0.0,0.0,0.0,0.0,0.0
baby,development,continuous_drive_t14,6.0,-14,-14.0,-1.8,0.0,True,14.592995007017487,13.14803219250972,3.0,3.0,6.890303387195894,-0.28186929374191116,13.125426285144528,0.2977036223935272,-8.783182731865733,0.05069009067793928,0.7668791932392012,5.020589828491211,0.0855386988984197,14.20124640360317,-0.007935324501257394,0.14867623090542065,-13.20191583436277,7627f0d46929c8b25999ee38133c189fb3b006cf4a46790f02e628bed5f23c42,0.0,0.0,0.10944414138793945,0.00014042782518571996,0.0,0.0
baby,development,continuous_drive_t9,6.0,-9,-13.2,-1.0,4.199999999999999,True,14.592994692425224,13.148032500548295,3.0,3.0500000000000007,6.890303377526065,-0.28186930341174055,13.125426738311713,0.2977036241747122,-8.783182734748491,0.05069008779518036,0.7668791933732249,5.020589828491211,0.0855386988984197,14.20124640360317,-0.007935324501257394,0.14867623090542065,-13.20191583436277,05923cddbac94c3fcc28a2e35ecdd24b242ca1a6b2ce0f5504d38ae56b17ceb9,0.0,0.0,0.10944414138793945,0.00014042782518571996,0.0,0.0
baby,development,continuous_t14,0,-14,-18.0,-1.0,4.0,True,19.413135985846353,13.741696245542322,3.2,3.099999999999998,7.230462016048325,0.05828933511051915,14.741013337603675,0.06073512232906708,-8.832772894097257,0.0010999284464148218,0.7692273193487361,0.0,0.0,0.0,-0.001997818834079238,0.0376917450012023,-18.996991827967552,8e81cf781f6e09f648dd28390216ad77f1d39392a2c28acec0967ea7cbacc2f5,0.0,0.0,0.0,0.0,0.0,0.0
baby,development,continuous_t9,0,-9,-18.0,-1.0,9.0,True,19.413135985846353,13.741696245542322,3.2,3.099999999999998,7.230462016048325,0.05828933511051915,14.741013337603675,0.06073512232906708,-8.832772894097257,0.0010999284464148218,0.7692273193487361,0.0,0.0,0.0,-0.001997818834079238,0.0376917450012023,-18.996991827967552,8e81cf781f6e09f648dd28390216ad77f1d39392a2c28acec0967ea7cbacc2f5,0.0,0.0,0.0,0.0,0.0,0.0
baby,development,control_t14,0,-14,-16.1,-1.0,2.1000000000000014,True,17.468836757773925,13.13146936978082,3.1,3.0999999999999996,7.1721726809378055,0.0,13.751371005089453,0.0,-8.833872822543672,0.0,0.7692579257092144,0.06671467423439026,0.00045278769810931375,0.0,2.8107327773734476,-0.9000603494052937,-16.187189505425703,bee2963e38218a9e79627b0f8e3d92d07af308a1fedb8b1b24bb023bef40be12,0.0,0.0,0.0,0.0,0.0,0.0
baby,development,control_t9,0,-9,-16.1,-1.0,7.100000000000001,True,17.468836757773925,13.13146936978082,3.1,3.0999999999999996,7.1721726809378055,0.0,13.751371005089453,0.0,-8.833872822543672,0.0,0.7692579257092144,0.06671467423439026,0.00045278769810931375,0.0,2.8107327773734476,-0.9000603494052937,-16.187189505425703,bee2963e38218a9e79627b0f8e3d92d07af308a1fedb8b1b24bb023bef40be12,0.0,0.0,0.0,0.0,0.0,0.0
baby,development,density25_t14,0,-14,-16.3,-1.0,2.3000000000000007,True,17.701594932370423,13.183322784845467,3.1,3.0999999999999996,7.178168476592894,0.005995795655088898,13.856415686963283,0.006079246459368193,-8.833853195387338,1.9627156333967832e-05,0.769259229552997,0.0,0.0,0.0,2.822798373787358,-1.0784272131553236,-16.642229300936144,473164d7f53cabcf754ecd1833ba419f7a7e489d4379106c1240abe34c37d989,0.0,0.0,0.0,0.0,0.0,0.0
baby,development,density25_t9,0,-9,-16.3,-1.0,7.300000000000001,True,17.701594932370423,13.183322784845467,3.1,3.0999999999999996,7.178168476592894,0.005995795655088898,13.856415686963283,0.006079246459368193,-8.833853195387338,1.9627156333967832e-05,0.769259229552997,0.0,0.0,0.0,2.822798373787358,-1.0784272131553236,-16.642229300936144,473164d7f53cabcf754ecd1833ba419f7a7e489d4379106c1240abe34c37d989,0.0,0.0,0.0,0.0,0.0,0.0
baby,development,density75_t14,0,-14,-15.4,-1.0,1.4000000000000004,True,16.809499623112316,13.046300695920685,3.1,3.1000000000000014,7.157751554772592,-0.014421126165213849,13.52939350821301,0.010482846612326568,-8.833781903501217,9.091904245472904e-05,0.7692497942827652,0.46131208539009094,0.0005185518147216049,0.025548743549556226,2.790905929175687,-0.6156030907534095,-15.52742878207888,3a594177e686675ae5bf26319d70575a003eb600f5f700d2795b370f5a0176fc,0.0,0.0,0.0,0.0,0.0,0.0
baby,development,density75_t9,0,-9,-15.4,-1.0,6.4,True,16.809499623112316,13.046300695920685,3.1,3.1000000000000014,7.157751554772592,-0.014421126165213849,13.52939350821301,0.010482846612326568,-8.833781903501217,9.091904245472904e-05,0.7692497942827652,0.46131208539009094,0.0005185518147216049,0.025548743549556226,2.790905929175687,-0.6156030907534095,-15.52742878207888,3a594177e686675ae5bf26319d70575a003eb600f5f700d2795b370f5a0176fc,0.0,0.0,0.0,0.0,0.0,0.0
baby,development,drive_t14,3.0,-14,-14.0,-1.7,0.0,True,14.635980877630548,12.606264153278884,3.0,3.0999999999999996,7.055881073250813,-0.11629160768699265,12.669848733569488,0.08467478942220907,-8.828569701611066,0.005303120932605765,0.768985642072994,1.5668039321899414,0.007271677802928408,1.8648499002013834,2.69753045676499,0.5970049973520154,-13.318390102993709,520fcac9768b65a359960d39f0f3027acb770b42fc2e9e26f0f609486770fabf,0.0,0.0,0.0,0.0,0.0,0.0
baby,development,drive_t9,6.0,-9,-10.7,-1.0,1.6999999999999993,True,12.052704822668545,11.250428643941262,2.8,2.9000000000000004,6.9151913069070226,-0.2569813740307829,10.569217518136412,0.4958749928046906,-8.786678180925943,0.047194641617728905,0.7669591102538802,2.430924415588379,0.08936149553789452,17.99027465829579,2.4917009579693645,2.73278922196845,-10.692207248935093,d89fa9f06fa8acb52988d01dd1e0383a00a7abb2b7421c97c313369b9e162ff0,0.0,0.0,0.10944414138793945,0.00014042782518571996,0.0,0.0
baby,development,sat_half_t14,0,-14,-16.4,-1.0,2.3999999999999986,True,17.733467652658394,13.196440527312264,3.1,3.0999999999999996,7.179212752883771,0.007040071945965565,13.872747382268393,0.007203534659147692,-8.833842991575771,2.9830967900323913e-05,0.7692591637189032,0.0,0.0,0.0,2.538815146558288,-0.8262696098741641,-16.45881088945513,bcd843b8cfc76db4667eee67bce740965f4a154fb0c696c6bc03ea5e177460a0,0.0,0.0,0.0,0.0,0.0,0.0
baby,development,sat_half_t9,0,-9,-16.4,-1.0,7.399999999999999,True,17.733467652658394,13.196440527312264,3.1,3.0999999999999996,7.179212752883771,0.007040071945965565,13.872747382268393,0.007203534659147692,-8.833842991575771,2.9830967900323913e-05,0.7692591637189032,0.0,0.0,0.0,2.538815146558288,-0.8262696098741641,-16.45881088945513,bcd843b8cfc76db4667eee67bce740965f4a154fb0c696c6bc03ea5e177460a0,0.0,0.0,0.0,0.0,0.0,0.0
baby,development,sat_off_t14,0,-14,-18.1,-1.0,4.100000000000001,True,19.448898359286073,13.74977257418827,3.1,3.1999999999999993,7.231480238283076,0.05930755734527082,14.757347820849539,0.061762354935716246,-8.83274093587764,0.0011318866660321447,0.7692261459076909,0.0,0.0,0.0,0.0,0.0,-18.995019095450782,d354c8b369c06625544628350783333135a911c92b07c768176116087bbe8c7e,0.0,0.0,0.0,0.0,0.0,0.0
baby,development,sat_off_t9,0,-9,-18.1,-1.0,9.100000000000001,True,19.448898359286073,13.74977257418827,3.1,3.1999999999999993,7.231480238283076,0.05930755734527082,14.757347820849539,0.061762354935716246,-8.83274093587764,0.0011318866660321447,0.7692261459076909,0.0,0.0,0.0,0.0,0.0,-18.995019095450782,d354c8b369c06625544628350783333135a911c92b07c768176116087bbe8c7e,0.0,0.0,0.0,0.0,0.0,0.0
rich,holdout,adapt0_t14,0,-14,-20.0,-1.0,6.0,True,23.010616962799947,12.592825233949949,11.6,11.634999999999993,15.716389729546265,0.04944864705643326,11.768146310384742,0.09164340094594436,-2.0822014725789364,0.25390778173073913,0.23531470428702067,0.0,0.0,0.0,2.832610779468348,-1.0719924230127114,-20.294199168417002,dc8e6b4c5eedd80ec299e2dcbe7e677a753d6d9f173a5cfcfcae5ef53e884a64,0.0,0.0,0.7361028790473938,0.0022489107864648904,0.0,0.0
rich,holdout,adapt0_t9,0,-9,-20.0,-1.0,11.0,True,23.010616962799947,12.592825233949949,11.6,11.634999999999993,15.716389729546265,0.04944864705643326,11.768146310384742,0.09164340094594436,-2.0822014725789364,0.25390778173073913,0.23531470428702067,0.0,0.0,0.0,2.832610779468348,-1.0719924230127114,-20.294199168417002,dc8e6b4c5eedd80ec299e2dcbe7e677a753d6d9f173a5cfcfcae5ef53e884a64,0.0,0.0,0.7361028790473938,0.0022489107864648904,0.0,0.0
rich,holdout,adapt100_t14,0,-14,-19.9,-1.0,5.899999999999999,True,22.974044118516733,12.580624734819914,11.5,11.534999999999991,15.61715317783364,-0.049787904656191984,11.81914578268248,0.09102392765109002,-2.5977010566194476,-0.2615918023097721,0.290560534425571,0.0,0.0,0.0,2.8375438576785856,-1.19626109641183,-20.486512139829316,cd389cbe761e84cfb0e3e071f6228c5fdbc0b58af982ef0b4f73daf567ecfa67,0.0,0.0,0.7361028790473938,0.0022489107864648904,0.0,0.0
rich,holdout,adapt100_t9,0,-9,-19.9,-1.0,10.899999999999999,True,22.974044118516733,12.580624734819914,11.5,11.534999999999991,15.61715317783364,-0.049787904656191984,11.81914578268248,0.09102392765109002,-2.5977010566194476,-0.2615918023097721,0.290560534425571,0.0,0.0,0.0,2.8375438576785856,-1.19626109641183,-20.486512139829316,cd389cbe761e84cfb0e3e071f6228c5fdbc0b58af982ef0b4f73daf567ecfa67,0.0,0.0,0.7361028790473938,0.0022489107864648904,0.0,0.0
rich,holdout,adapt_drive_t14,6.0,-14,-15.0,-1.0,1.0,True,18.04630211773717,12.3364926499554,10.8,10.854999999999995,13.750064870885318,-1.9168762116045137,10.671016560269651,0.6601911357986197,-2.6910247598391717,-0.35491550552949613,0.30032788124313514,1.7399920225143433,0.007038196982117927,1.5020873905847947,2.6776181865050894,0.9005834087914217,-15.114088509820826,28fd31d645a4d9639c5073ff218a6cb1c2abea87ff2016c545aca56d495ddcc5,0.0,0.0,2.586725950241089,0.051523077636620285,0.0,0.0
rich,holdout,adapt_drive_t9,6.0,-9,-15.0,-1.0,6.0,True,18.04630211773717,12.3364926499554,10.8,10.854999999999995,13.750064870885318,-1.9168762116045137,10.671016560269651,0.6601911357986197,-2.6910247598391717,-0.35491550552949613,0.30032788124313514,1.7399920225143433,0.007038196982117927,1.5020873905847947,2.6776181865050894,0.9005834087914217,-15.114088509820826,28fd31d645a4d9639c5073ff218a6cb1c2abea87ff2016c545aca56d495ddcc5,0.0,0.0,2.586725950241089,0.051523077636620285,0.0,0.0
rich,holdout,comp_off_t14,0,-14,-21.2,-1.0,7.199999999999999,True,24.254904523659732,12.785090486849132,11.6,11.649999999999999,15.855250120631435,0.18830903814160393,12.207588378387289,0.07815246776271323,-2.32615460375469,0.009954650554985456,0.26167981204224877,0.0,0.0,0.0,2.865901788159555,-1.4400300255067975,-22.256531889590555,30466d09b6491bc85431cf6b2bb5807afe6d1a0d81424b3aa144a5ec7faecde0,0.0,0.0,0.0,0.0,0.0,0.0
rich,holdout,comp_off_t9,0,-9,-21.2,-1.0,12.2,True,24.254904523659732,12.785090486849132,11.6,11.649999999999999,15.855250120631435,0.18830903814160393,12.207588378387289,0.07815246776271323,-2.32615460375469,0.009954650554985456,0.26167981204224877,0.0,0.0,0.0,2.865901788159555,-1.4400300255067975,-22.256531889590555,30466d09b6491bc85431cf6b2bb5807afe6d1a0d81424b3aa144a5ec7faecde0,0.0,0.0,0.0,0.0,0.0,0.0
rich,holdout,continuous_drive_t14,6.0,-14,-17.6,-1.0,3.6000000000000014,True,20.627448624890338,12.663951057116753,11.2,11.200000000000001,14.382676565686532,-1.2842645168032991,12.307064665035398,0.38207516318534473,-2.389988598564293,-0.05387934425461749,0.26849560056520194,2.6981048583984375,0.005499876562746054,0.8287263563984134,-0.004601897192892459,0.0865841743205533,-17.69191308084052,9f4f5168e06ad2277cb5ad61129c7c39d7319a611345fac2814fc6c941b68633,0.0,0.0,2.586725950241089,0.051523077636620285,0.0,0.0
rich,holdout,continuous_drive_t9,6.0,-9,-17.6,-1.0,8.600000000000001,True,20.627448624890338,12.663951057116753,11.2,11.200000000000001,14.382676565686532,-1.2842645168032991,12.307064665035398,0.38207516318534473,-2.389988598564293,-0.05387934425461749,0.26849560056520194,2.6981048583984375,0.005499876562746054,0.8287263563984134,-0.004601897192892459,0.0865841743205533,-17.69191308084052,9f4f5168e06ad2277cb5ad61129c7c39d7319a611345fac2814fc6c941b68633,0.0,0.0,2.586725950241089,0.051523077636620285,0.0,0.0
rich,holdout,continuous_t14,0,-14,-21.6,-1.0,7.600000000000001,True,24.661519805871514,12.70780453114582,11.6,11.70999999999999,15.88778240077524,0.22084131828540876,12.67206428383868,0.07935036655554839,-2.3210226297579424,0.015086624551733152,0.2611354054017368,0.0,0.0,0.0,-0.0016162256642594014,0.032675473090153714,-23.21874187708153,ec9cd2c5029faf5583f6a2e312e39093436f67a9f97676c4fbc1aecdd9c261f5,0.0,0.0,0.7361028790473938,0.0022489107864648904,0.0,0.0
rich,holdout,continuous_t9,0,-9,-21.6,-1.0,12.600000000000001,True,24.661519805871514,12.70780453114582,11.6,11.70999999999999,15.88778240077524,0.22084131828540876,12.67206428383868,0.07935036655554839,-2.3210226297579424,0.015086624551733152,0.2611354054017368,0.0,0.0,0.0,-0.0016162256642594014,0.032675473090153714,-23.21874187708153,ec9cd2c5029faf5583f6a2e312e39093436f67a9f97676c4fbc1aecdd9c261f5,0.0,0.0,0.7361028790473938,0.0022489107864648904,0.0,0.0
rich,holdout,control_t14,0,-14,-20.0,-1.0,6.0,True,22.994674588646586,12.570516858448194,11.5,11.534999999999991,15.666941082489831,0.0,11.794476796131892,0.0,-2.3361092543096755,0.0,0.26274149661213936,0.0,0.0,0.0,2.835111663626146,-1.1344184346178856,-20.390667397564478,790df6926cc1ee9e99fb297d5afeb81307097887b369344870dcf7e6cf055577,0.0,0.0,0.7361028790473938,0.0022489107864648904,0.0,0.0
rich,holdout,control_t9,0,-9,-20.0,-1.0,11.0,True,22.994674588646586,12.570516858448194,11.5,11.534999999999991,15.666941082489831,0.0,11.794476796131892,0.0,-2.3361092543096755,0.0,0.26274149661213936,0.0,0.0,0.0,2.835111663626146,-1.1344184346178856,-20.390667397564478,790df6926cc1ee9e99fb297d5afeb81307097887b369344870dcf7e6cf055577,0.0,0.0,0.7361028790473938,0.0022489107864648904,0.0,0.0
rich,holdout,density25_t14,0,-14,-20.7,-1.0,6.699999999999999,True,23.72846347438068,12.581053836510767,11.6,11.589999999999964,15.846511689113516,0.17957060662368463,12.046040373543725,0.05156929814577538,-2.3261364210279107,0.009972833281764792,0.26167645622689567,0.0,0.0,0.0,2.857547253068527,-1.420504791566239,-21.69591879624702,8c2a91d9c24c77af702713ce1fa8428556421d7ac5499d00271625fc01d17987,0.0,0.0,0.0,0.0,0.0,0.0
rich,holdout,density25_t9,0,-9,-20.7,-1.0,11.7,True,23.72846347438068,12.581053836510767,11.6,11.589999999999964,15.846511689113516,0.17957060662368463,12.046040373543725,0.05156929814577538,-2.3261364210279107,0.009972833281764792,0.26167645622689567,0.0,0.0,0.0,2.857547253068527,-1.420504791566239,-21.69591879624702,8c2a91d9c24c77af702713ce1fa8428556421d7ac5499d00271625fc01d17987,0.0,0.0,0.0,0.0,0.0,0.0
rich,holdout,density75_t14,0,-14,-19.3,-1.0,5.300000000000001,True,22.3356375577484,12.545658001010729,11.5,11.5,15.347923034875274,-0.31901804761455743,11.62485393010014,0.08753314958394753,-2.349362965885687,-0.013253711576011629,0.26415654744680944,0.0,0.0,0.0,2.821408832287202,-1.0243763594993576,-19.539490480854635,20870e230d741aa8c47cea0a3be75cf6d3b0b4f7c9e923af849631092df8598d,0.0,0.0,1.5791338682174683,0.008891367112958147,0.0,0.0
rich,holdout,density75_t9,0,-9,-19.3,-1.0,10.3,True,22.3356375577484,12.545658001010729,11.5,11.5,15.347923034875274,-0.31901804761455743,11.62485393010014,0.08753314958394753,-2.349362965885687,-0.013253711576011629,0.26415654744680944,0.0,0.0,0.0,2.821408832287202,-1.0243763594993576,-19.539490480854635,20870e230d741aa8c47cea0a3be75cf6d3b0b4f7c9e923af849631092df8598d,0.0,0.0,1.5791338682174683,0.008891367112958147,0.0,0.0
rich,holdout,drive_t14,6.0,-14,-14.9,-1.0,0.9000000000000004,True,17.96361420461563,12.332328697138596,10.9,10.849999999999998,13.76963510579085,-1.8973059766989806,10.699524590509196,0.5777133759982398,-2.4316119737725725,-0.09550271946289701,0.272911649696089,1.7910112142562866,0.007661349328971816,1.5983595101083818,2.6714882989597855,0.9941770128397613,-15.02761269213781,bd68b5a42015b3e737de2aa78dc47a603375e25baee92a01fea1b7117e5ab1a6,0.0,0.0,2.586725950241089,0.051523077636620285,0.0,0.0
rich,holdout,drive_t9,6.0,-9,-14.9,-1.0,5.9,True,17.96361420461563,12.332328697138596,10.9,10.849999999999998,13.76963510579085,-1.8973059766989806,10.699524590509196,0.5777133759982398,-2.4316119737725725,-0.09550271946289701,0.272911649696089,1.7910112142562866,0.007661349328971816,1.5983595101083818,2.6714882989597855,0.9941770128397613,-15.02761269213781,bd68b5a42015b3e737de2aa78dc47a603375e25baee92a01fea1b7117e5ab1a6,0.0,0.0,2.586725950241089,0.051523077636620285,0.0,0.0
rich,holdout,sat_half_t14,0,-14,-20.1,-1.0,6.100000000000001,True,23.17432465394018,12.576823513136056,11.5,11.56999999999998,15.69282412596462,0.025883043474788536,11.901936360421818,0.009346247676084829,-2.3343622170253013,0.0017470372843741977,0.2625555395403515,0.0,0.0,0.0,2.5602437738160644,-1.0394614174950976,-20.665503780422327,d4a879ba8bc2a960822a6a12fbcac2f48436a9e2275242576265760acd98f43d,0.0,0.0,0.7361028790473938,0.0022489107864648904,0.0,0.0
rich,holdout,sat_half_t9,0,-9,-20.1,-1.0,11.100000000000001,True,23.17432465394018,12.576823513136056,11.5,11.56999999999998,15.69282412596462,0.025883043474788536,11.901936360421818,0.009346247676084829,-2.3343622170253013,0.0017470372843741977,0.2625555395403515,0.0,0.0,0.0,2.5602437738160644,-1.0394614174950976,-20.665503780422327,d4a879ba8bc2a960822a6a12fbcac2f48436a9e2275242576265760acd98f43d,0.0,0.0,0.7361028790473938,0.0022489107864648904,0.0,0.0
rich,holdout,sat_off_t14,0,-14,-21.7,-1.0,7.699999999999999,True,24.692519621866225,12.710863413119316,11.6,11.654999999999994,15.891508008998557,0.22456692650872512,12.677882196267959,0.08068075790995977,-2.3207642126301016,0.015345041679573956,0.26110789014005154,0.0,0.0,0.0,0.0,0.0,-23.21711486551185,577830ec5116b4c325ac956b0c6086b5534798c198c57c9d27abfa2b67dcb3ed,0.0,0.0,0.7361028790473938,0.0022489107864648904,0.0,0.0
rich,holdout,sat_off_t9,0,-9,-21.7,-1.0,12.7,True,24.692519621866225,12.710863413119316,11.6,11.654999999999994,15.891508008998557,0.22456692650872512,12.677882196267959,0.08068075790995977,-2.3207642126301016,0.015345041679573956,0.26110789014005154,0.0,0.0,0.0,0.0,0.0,-23.21711486551185,577830ec5116b4c325ac956b0c6086b5534798c198c57c9d27abfa2b67dcb3ed,0.0,0.0,0.7361028790473938,0.0022489107864648904,0.0,0.0
imaginal,holdout,adapt0_t14,0,-14,-19.9,-0.7,5.899999999999999,False,22.15646879562412,12.740031499170469,6.9,6.899999999999999,7.334342543061027,0.0,18.522255010662484,0.0,-6.449122332474556,0.0,0.6754095970735208,2.0027856826782227,0.0034308772513891353,0.5995163440899988,2.8720028726648383,0.8242020675839336,-20.006749309875154,741389caafe89d99767e9bdb948277f5031019e6597203b002af0f53ef5e715b,0.0,0.0,0.0073866997845470905,4.382791101439126e-07,0.0,0.0
imaginal,holdout,adapt0_t9,0,-9,-19.9,-0.7,10.899999999999999,False,22.15646879562412,12.740031499170469,6.9,6.899999999999999,7.334342543061027,0.0,18.522255010662484,0.0,-6.449122332474556,0.0,0.6754095970735208,2.0027856826782227,0.0034308772513891353,0.5995163440899988,2.8720028726648383,0.8242020675839336,-20.006749309875154,741389caafe89d99767e9bdb948277f5031019e6597203b002af0f53ef5e715b,0.0,0.0,0.0073866997845470905,4.382791101439126e-07,0.0,0.0
imaginal,holdout,adapt100_t14,0,-14,-19.9,-0.7,5.899999999999999,False,22.15646879562412,12.740031499170469,6.9,6.899999999999999,7.334342543061027,0.0,18.522255010662484,0.0,-6.449122332474556,0.0,0.6754095970735208,2.0027856826782227,0.0034308772513891353,0.5995163440899988,2.8720028726648383,0.8242020675839336,-20.006749309875154,741389caafe89d99767e9bdb948277f5031019e6597203b002af0f53ef5e715b,0.0,0.0,0.0073866997845470905,4.382791101439126e-07,0.0,0.0
imaginal,holdout,adapt100_t9,0,-9,-19.9,-0.7,10.899999999999999,False,22.15646879562412,12.740031499170469,6.9,6.899999999999999,7.334342543061027,0.0,18.522255010662484,0.0,-6.449122332474556,0.0,0.6754095970735208,2.0027856826782227,0.0034308772513891353,0.5995163440899988,2.8720028726648383,0.8242020675839336,-20.006749309875154,741389caafe89d99767e9bdb948277f5031019e6597203b002af0f53ef5e715b,0.0,0.0,0.0073866997845470905,4.382791101439126e-07,0.0,0.0
imaginal,holdout,adapt_drive_t14,6.0,-14,-14.3,-0.6,0.3000000000000007,False,16.430444432420195,12.082667870622128,6.9,7.099999999999998,7.08465328646836,-0.24968925659266716,14.843528974436891,1.1560317592445948,-6.5244736577255145,-0.07535132525095811,0.6794869432921625,4.395876884460449,0.036598799477973384,5.702676363658639,2.722029746689837,5.725103174093535,-14.356877431687108,0ddac915fc9a7bd81adcbf90e401739a1f2798e27a4e5aaa7f6cd120eb2f4c19,0.0,0.0,1.0968791246414185,0.01565742333530091,0.7062980532646179,0.0007474998140843841
imaginal,holdout,adapt_drive_t9,6.0,-9,-14.3,-0.6,5.300000000000001,False,16.430444432420195,12.082667870622128,6.9,7.099999999999998,7.08465328646836,-0.24968925659266716,14.843528974436891,1.1560317592445948,-6.5244736577255145,-0.07535132525095811,0.6794869432921625,4.395876884460449,0.036598799477973384,5.702676363658639,2.722029746689837,5.725103174093535,-14.356877431687108,0ddac915fc9a7bd81adcbf90e401739a1f2798e27a4e5aaa7f6cd120eb2f4c19,0.0,0.0,1.0968791246414185,0.01565742333530091,0.7062980532646179,0.0007474998140843841
imaginal,holdout,comp_off_t14,0,-14,-21.7,-0.6,7.699999999999999,False,23.5374048071539,12.72492112531814,6.9,6.800000000000001,7.347754354941433,0.013411811880406077,17.814383514104044,0.37370110359692177,-6.415359987408204,0.03376234506635267,0.6734550690229135,0.0,0.0,0.0,2.8941794897148303,-1.2332393721907917,-21.882843380745765,13d23c1b49c63719f1ca15fdc13c702dad253a9e5800aa22bac44c737299e051,0.0,0.0,0.0,0.0,0.0,0.0
imaginal,holdout,comp_off_t9,0,-9,-21.7,-0.6,12.7,False,23.5374048071539,12.72492112531814,6.9,6.800000000000001,7.347754354941433,0.013411811880406077,17.814383514104044,0.37370110359692177,-6.415359987408204,0.03376234506635267,0.6734550690229135,0.0,0.0,0.0,2.8941794897148303,-1.2332393721907917,-21.882843380745765,13d23c1b49c63719f1ca15fdc13c702dad253a9e5800aa22bac44c737299e051,0.0,0.0,0.0,0.0,0.0,0.0
imaginal,holdout,continuous_drive_t14,6.0,-14,-17.0,-0.8,3.0,False,19.192586328195336,12.91581725626758,7.1,7.249999999999998,7.1667021938797575,-0.16764034918126924,17.509987676308807,1.089633100105388,-6.52930675231957,-0.0801844198450139,0.6812152561630882,8.414023399353027,0.042790834838187616,4.70880693614736,-0.003910882328781507,0.31826894334175154,-17.103179490509113,7efa9024c4a32fa5dd5079b3e263674004496cc97feadc90a8f5e489308ad9ed,0.0,0.0,1.0968791246414185,0.01565742333530091,0.7062980532646179,0.0007474998140843841
imaginal,holdout,continuous_drive_t9,6.0,-9,-17.0,-0.8,8.0,False,19.192586328195336,12.91581725626758,7.1,7.249999999999998,7.1667021938797575,-0.16764034918126924,17.509987676308807,1.089633100105388,-6.52930675231957,-0.0801844198450139,0.6812152561630882,8.414023399353027,0.042790834838187616,4.70880693614736,-0.003910882328781507,0.31826894334175154,-17.103179490509113,7efa9024c4a32fa5dd5079b3e263674004496cc97feadc90a8f5e489308ad9ed,0.0,0.0,1.0968791246414185,0.01565742333530091,0.7062980532646179,0.0007474998140843841
imaginal,holdout,continuous_t14,0,-14,-22.8,-0.8,8.8,False,25.024626326408097,12.9856647168722,7.0,6.800000000000001,7.371697669623714,0.037355126562687246,19.944483108311744,0.3856857224384882,-6.417564744264076,0.0315575882104806,0.6738839144681313,2.6404051780700684,0.002116431410916151,0.32012842832561733,-0.0010198347198152285,0.08150319829430697,-22.85098999929017,22ef52fd33898778502a82640e28107375e5b33c1fd946bc583fb9bf0d073bad,0.0,0.0,0.0073866997845470905,4.382791101439126e-07,0.0,0.0
imaginal,holdout,continuous_t9,0,-9,-22.8,-0.8,13.8,False,25.024626326408097,12.9856647168722,7.0,6.800000000000001,7.371697669623714,0.037355126562687246,19.944483108311744,0.3856857224384882,-6.417564744264076,0.0315575882104806,0.6738839144681313,2.6404051780700684,0.002116431410916151,0.32012842832561733,-0.0010198347198152285,0.08150319829430697,-22.85098999929017,22ef52fd33898778502a82640e28107375e5b33c1fd946bc583fb9bf0d073bad,0.0,0.0,0.0073866997845470905,4.382791101439126e-07,0.0,0.0
imaginal,holdout,control_t14,0,-14,-19.9,-0.7,5.899999999999999,False,22.15646879562412,12.740031499170469,6.9,6.899999999999999,7.334342543061027,0.0,18.522255010662484,0.0,-6.449122332474556,0.0,0.6754095970735208,2.0027856826782227,0.0034308772513891353,0.5995163440899988,2.8720028726648383,0.8242020675839336,-20.006749309875154,741389caafe89d99767e9bdb948277f5031019e6597203b002af0f53ef5e715b,0.0,0.0,0.0073866997845470905,4.382791101439126e-07,0.0,0.0
imaginal,holdout,control_t9,0,-9,-19.9,-0.7,10.899999999999999,False,22.15646879562412,12.740031499170469,6.9,6.899999999999999,7.334342543061027,0.0,18.522255010662484,0.0,-6.449122332474556,0.0,0.6754095970735208,2.0027856826782227,0.0034308772513891353,0.5995163440899988,2.8720028726648383,0.8242020675839336,-20.006749309875154,741389caafe89d99767e9bdb948277f5031019e6597203b002af0f53ef5e715b,0.0,0.0,0.0073866997845470905,4.382791101439126e-07,0.0,0.0
imaginal,holdout,density25_t14,0,-14,-21.2,-0.7,7.199999999999999,False,23.49657337451795,12.829889934012414,6.9,6.8199999999999825,7.34855453463074,0.014211991569712978,18.798471463956332,0.23350707702622486,-6.427604262263989,0.021518070210567508,0.6741672461714057,1.4239003658294678,0.0014153530990451964,0.2361206314973814,2.8878723046631958,0.027145830695653742,-21.33468487109226,653a10423d85d742322c9b37c54abadbde7093faf03f8cce6337f6065a2c291b,0.0,0.0,0.0,0.0,0.0,0.0
imaginal,holdout,density25_t9,0,-9,-21.2,-0.7,12.2,False,23.49657337451795,12.829889934012414,6.9,6.8199999999999825,7.34855453463074,0.014211991569712978,18.798471463956332,0.23350707702622486,-6.427604262263989,0.021518070210567508,0.6741672461714057,1.4239003658294678,0.0014153530990451964,0.2361206314973814,2.8878723046631958,0.027145830695653742,-21.33468487109226,653a10423d85d742322c9b37c54abadbde7093faf03f8cce6337f6065a2c291b,0.0,0.0,0.0,0.0,0.0,0.0
imaginal,holdout,density75_t14,0,-14,-19.0,-0.7,5.0,False,21.236389889194903,12.675640923102542,6.9,7.100000000000001,7.322414254321753,-0.01192828873927354,18.065744036297062,0.19221533587136008,-6.466198105417641,-0.01707577294308482,0.6763806132034533,2.318629741668701,0.005447294367638696,0.8830507570125572,2.8581061760459656,1.453090398041038,-19.09774911152643,ebee3201502a5173c808d111eb1136e753f53ff9d1dc29b1375475dee5429ce9,0.0,0.0,0.14202174544334412,6.271439193199278e-05,0.018081849440932274,7.904862595115222e-07
imaginal,holdout,density75_t9,0,-9,-19.0,-0.7,10.0,False,21.236389889194903,12.675640923102542,6.9,7.100000000000001,7.322414254321753,-0.01192828873927354,18.065744036297062,0.19221533587136008,-6.466198105417641,-0.01707577294308482,0.6763806132034533,2.318629741668701,0.005447294367638696,0.8830507570125572,2.8581061760459656,1.453090398041038,-19.09774911152643,ebee3201502a5173c808d111eb1136e753f53ff9d1dc29b1375475dee5429ce9,0.0,0.0,0.14202174544334412,6.271439193199278e-05,0.018081849440932274,7.904862595115222e-07
imaginal,holdout,drive_t14,6.0,-14,-14.3,-0.6,0.3000000000000007,False,16.430444432420195,12.082667870622128,6.9,7.099999999999998,7.08465328646836,-0.24968925659266716,14.843528974436891,1.1560317592445948,-6.5244736577255145,-0.07535132525095811,0.6794869432921625,4.395876884460449,0.036598799477973384,5.702676363658639,2.722029746689837,5.725103174093535,-14.356877431687108,0ddac915fc9a7bd81adcbf90e401739a1f2798e27a4e5aaa7f6cd120eb2f4c19,0.0,0.0,1.0968791246414185,0.01565742333530091,0.7062980532646179,0.0007474998140843841
imaginal,holdout,drive_t9,6.0,-9,-14.3,-0.6,5.300000000000001,False,16.430444432420195,12.082667870622128,6.9,7.099999999999998,7.08465328646836,-0.24968925659266716,14.843528974436891,1.1560317592445948,-6.5244736577255145,-0.07535132525095811,0.6794869432921625,4.395876884460449,0.036598799477973384,5.702676363658639,2.722029746689837,5.725103174093535,-14.356877431687108,0ddac915fc9a7bd81adcbf90e401739a1f2798e27a4e5aaa7f6cd120eb2f4c19,0.0,0.0,1.0968791246414185,0.01565742333530091,0.7062980532646179,0.0007474998140843841
imaginal,holdout,sat_half_t14,0,-14,-20.2,-0.7,6.199999999999999,False,22.434955047025376,12.778334980207134,6.9,6.799999999999997,7.3386506871414205,0.0043081440803938165,18.607695762598397,0.043656898972812996,-6.44561502921298,0.0035073032615766664,0.6752422149341014,2.057023286819458,0.003236376547859846,0.5651546048559015,2.5928217727014244,0.7665477612034277,-20.282847639024357,68b11041af3d0e7baffa034ccd42eddbc6927e5f7b22668987b7fa624fb0edab,0.0,0.0,0.0073866997845470905,4.382791101439126e-07,0.0,0.0
imaginal,holdout,sat_half_t9,0,-9,-20.2,-0.7,11.2,False,22.434955047025376,12.778334980207134,6.9,6.799999999999997,7.3386506871414205,0.0043081440803938165,18.607695762598397,0.043656898972812996,-6.44561502921298,0.0035073032615766664,0.6752422149341014,2.057023286819458,0.003236376547859846,0.5651546048559015,2.5928217727014244,0.7665477612034277,-20.282847639024357,68b11041af3d0e7baffa034ccd42eddbc6927e5f7b22668987b7fa624fb0edab,0.0,0.0,0.0073866997845470905,4.382791101439126e-07,0.0,0.0
imaginal,holdout,sat_off_t14,0,-14,-22.8,-0.8,8.8,False,25.024119183259046,12.988177005734435,7.0,6.800000000000001,7.371941270699029,0.037598727638002316,19.96833010238229,0.38281362509122374,-6.417963021539666,0.031159310934889994,0.6739169468138752,2.7181921005249023,0.002199530262940897,0.32923423032354576,0.0,0.0,-22.850600303624443,f388426df87bee6a904a8721198000a7a59cc3ef69793e8cb348a099312228cd,0.0,0.0,0.0073866997845470905,4.382791101439126e-07,0.0,0.0
imaginal,holdout,sat_off_t9,0,-9,-22.8,-0.8,13.8,False,25.024119183259046,12.988177005734435,7.0,6.800000000000001,7.371941270699029,0.037598727638002316,19.96833010238229,0.38281362509122374,-6.417963021539666,0.031159310934889994,0.6739169468138752,2.7181921005249023,0.002199530262940897,0.32923423032354576,0.0,0.0,-22.850600303624443,f388426df87bee6a904a8721198000a7a59cc3ef69793e8cb348a099312228cd,0.0,0.0,0.0073866997845470905,4.382791101439126e-07,0.0,0.0
